TimeUTC,timestampInMs,requestPath,requestMethod,requestQueryString,responseStatusCode,requestId,requestUserAgent,level,environment,branch,vercelCache,type,function,host,deploymentDomain,deploymentId,durationMs,region,maxMemoryUsed,memorySize,message,projectId,traceId,sessionId,invocationId,instanceId,concurrency
2026-04-09 13:36:59,1775741819045,www.mycvbuddy.com/,GET,_rsc=6iz7d,200,mtvn8-1775741819045-76d4a105b750,"Mozilla/5.0 (Windows NT 10.0; Win64; x64) AppleWebKit/537.36 (KHTML, like Gecko) Chrome/145.0.7632.6 Safari/537.36",,production,,MISS,function,/index.rsc,www.mycvbuddy.com,cv-adapter-5yfinkue8-jakedalerourke-gmailcoms-projects.vercel.app,dpl_GSGY22E135xhSiZq8coThvLGC9Ph,13,iad1,324,2048,,prj_lr2ySRMOQgVMZr3YstoloHjpUofO,,,01KNS7BP5YVCJQVX2PF43EEPJE,VuL4a4kwcbGR,1
2026-04-09 13:36:59,1775741819042,www.mycvbuddy.com/terms,GET,_rsc=6iz7d,200,whvpz-1775741819042-0e3cce36cc4d,"Mozilla/5.0 (Windows NT 10.0; Win64; x64) AppleWebKit/537.36 (KHTML, like Gecko) Chrome/145.0.7632.6 Safari/537.36",,production,,HIT,static,/terms,www.mycvbuddy.com,cv-adapter-5yfinkue8-jakedalerourke-gmailcoms-projects.vercel.app,dpl_GSGY22E135xhSiZq8coThvLGC9Ph,9,iad1,,,,prj_lr2ySRMOQgVMZr3YstoloHjpUofO,,,,,
2026-04-09 13:36:59,1775741819042,www.mycvbuddy.com/privacy,GET,_rsc=6iz7d,200,k4465-1775741819042-5c8e14d65883,"Mozilla/5.0 (Windows NT 10.0; Win64; x64) AppleWebKit/537.36 (KHTML, like Gecko) Chrome/145.0.7632.6 Safari/537.36",,production,,HIT,static,/privacy,www.mycvbuddy.com,cv-adapter-5yfinkue8-jakedalerourke-gmailcoms-projects.vercel.app,dpl_GSGY22E135xhSiZq8coThvLGC9Ph,16,iad1,,,,prj_lr2ySRMOQgVMZr3YstoloHjpUofO,,,,,
2026-04-09 13:36:58,1775741818670,www.mycvbuddy.com/auth/signup,GET,,200,g2lpc-1775741818670-40381549cf2a,"Mozilla/5.0 (Windows NT 10.0; Win64; x64) AppleWebKit/537.36 (KHTML, like Gecko) Chrome/145.0.7632.6 Safari/537.36",,production,,HIT,static,/auth/signup,www.mycvbuddy.com,cv-adapter-5yfinkue8-jakedalerourke-gmailcoms-projects.vercel.app,dpl_GSGY22E135xhSiZq8coThvLGC9Ph,13,iad1,,,,prj_lr2ySRMOQgVMZr3YstoloHjpUofO,,,,,
2026-04-09 13:36:53,1775741813042,www.mycvbuddy.com/,GET,,200,wc8q9-1775741813042-5759e0150232,SentryUptimeBot/1.0 (+http://docs.sentry.io/product/alerts/uptime-monitoring/),,production,,MISS,function,/,www.mycvbuddy.com,cv-adapter-5yfinkue8-jakedalerourke-gmailcoms-projects.vercel.app,dpl_GSGY22E135xhSiZq8coThvLGC9Ph,52,iad1,324,2048,,prj_lr2ySRMOQgVMZr3YstoloHjpUofO,,,01KNS7BGBGY1C5WKGCBQM5XQSJ,VuL4a4kwcbGR,1
2026-04-09 13:36:40,1775741800106,www.mycvbuddy.com/auth/forgot-password,GET,_rsc=1n57a,200,tsmzl-1775741800106-034d846a5ef1,"Mozilla/5.0 (Windows NT 10.0; Win64; x64) AppleWebKit/537.36 (KHTML, like Gecko) Chrome/145.0.7632.6 Safari/537.36",,production,,HIT,static,/auth/forgot-password,www.mycvbuddy.com,cv-adapter-5yfinkue8-jakedalerourke-gmailcoms-projects.vercel.app,dpl_GSGY22E135xhSiZq8coThvLGC9Ph,120,iad1,,,,prj_lr2ySRMOQgVMZr3YstoloHjpUofO,,,,,
2026-04-09 13:36:40,1775741800106,www.mycvbuddy.com/auth/signup,GET,_rsc=1n57a,200,fs66f-1775741800106-dbb0fd160a6d,"Mozilla/5.0 (Windows NT 10.0; Win64; x64) AppleWebKit/537.36 (KHTML, like Gecko) Chrome/145.0.7632.6 Safari/537.36",,production,,HIT,static,/auth/signup,www.mycvbuddy.com,cv-adapter-5yfinkue8-jakedalerourke-gmailcoms-projects.vercel.app,dpl_GSGY22E135xhSiZq8coThvLGC9Ph,74,iad1,,,,prj_lr2ySRMOQgVMZr3YstoloHjpUofO,,,,,
2026-04-09 13:36:40,1775741800105,www.mycvbuddy.com/,GET,_rsc=1n57a,200,2mmx6-1775741800105-e17b024ca1a2,"Mozilla/5.0 (Windows NT 10.0; Win64; x64) AppleWebKit/537.36 (KHTML, like Gecko) Chrome/145.0.7632.6 Safari/537.36",,production,,MISS,function,/index.rsc,www.mycvbuddy.com,cv-adapter-5yfinkue8-jakedalerourke-gmailcoms-projects.vercel.app,dpl_GSGY22E135xhSiZq8coThvLGC9Ph,9,iad1,324,2048,,prj_lr2ySRMOQgVMZr3YstoloHjpUofO,,,01KNS7B3NF6TKAZPHDABWEDMHA,VuL4a4kwcbGR,1
2026-04-09 13:36:39,1775741799816,www.mycvbuddy.com/auth/login,GET,,200,zvdfg-1775741799816-b9bb67cf57be,"Mozilla/5.0 (Windows NT 10.0; Win64; x64) AppleWebKit/537.36 (KHTML, like Gecko) Chrome/145.0.7632.6 Safari/537.36",,production,,HIT,static,/auth/login,www.mycvbuddy.com,cv-adapter-5yfinkue8-jakedalerourke-gmailcoms-projects.vercel.app,dpl_GSGY22E135xhSiZq8coThvLGC9Ph,187,iad1,,,,prj_lr2ySRMOQgVMZr3YstoloHjpUofO,,,,,
2026-04-09 13:36:38,1775741798159,www.mycvbuddy.com/,GET,_rsc=6iz7d,200,llm4j-1775741798159-54617ca4e9f6,"Mozilla/5.0 (Windows NT 10.0; Win64; x64) AppleWebKit/537.36 (KHTML, like Gecko) Chrome/145.0.7632.6 Safari/537.36",,production,,MISS,function,/index.rsc,www.mycvbuddy.com,cv-adapter-5yfinkue8-jakedalerourke-gmailcoms-projects.vercel.app,dpl_GSGY22E135xhSiZq8coThvLGC9Ph,11,iad1,324,2048,,prj_lr2ySRMOQgVMZr3YstoloHjpUofO,,,01KNS7B1SKW3XJN5ZTP20T2NKA,VuL4a4kwcbGR,1
2026-04-09 13:36:38,1775741798157,www.mycvbuddy.com/terms,GET,_rsc=6iz7d,200,t2d86-1775741798157-ccb24b90e7de,"Mozilla/5.0 (Windows NT 10.0; Win64; x64) AppleWebKit/537.36 (KHTML, like Gecko) Chrome/145.0.7632.6 Safari/537.36",,production,,HIT,static,/terms,www.mycvbuddy.com,cv-adapter-5yfinkue8-jakedalerourke-gmailcoms-projects.vercel.app,dpl_GSGY22E135xhSiZq8coThvLGC9Ph,114,iad1,,,,prj_lr2ySRMOQgVMZr3YstoloHjpUofO,,,,,
2026-04-09 13:36:38,1775741798157,www.mycvbuddy.com/privacy,GET,_rsc=6iz7d,200,2mmx6-1775741798157-0f36c610a5ec,"Mozilla/5.0 (Windows NT 10.0; Win64; x64) AppleWebKit/537.36 (KHTML, like Gecko) Chrome/145.0.7632.6 Safari/537.36",,production,,HIT,static,/privacy,www.mycvbuddy.com,cv-adapter-5yfinkue8-jakedalerourke-gmailcoms-projects.vercel.app,dpl_GSGY22E135xhSiZq8coThvLGC9Ph,133,iad1,,,,prj_lr2ySRMOQgVMZr3YstoloHjpUofO,,,,,
2026-04-09 13:36:37,1775741797683,www.mycvbuddy.com/auth/signup,GET,,200,cvx5p-1775741797683-0848a4d7eb27,"Mozilla/5.0 (Windows NT 10.0; Win64; x64) AppleWebKit/537.36 (KHTML, like Gecko) Chrome/145.0.7632.6 Safari/537.36",,production,,HIT,static,/auth/signup,www.mycvbuddy.com,cv-adapter-5yfinkue8-jakedalerourke-gmailcoms-projects.vercel.app,dpl_GSGY22E135xhSiZq8coThvLGC9Ph,127,iad1,,,,prj_lr2ySRMOQgVMZr3YstoloHjpUofO,,,,,
2026-04-09 13:35:53,1775741753045,www.mycvbuddy.com/,GET,,200,jtrrb-1775741753045-b8a335b7e3a3,SentryUptimeBot/1.0 (+http://docs.sentry.io/product/alerts/uptime-monitoring/),,production,,MISS,function,/,www.mycvbuddy.com,cv-adapter-5yfinkue8-jakedalerourke-gmailcoms-projects.vercel.app,dpl_GSGY22E135xhSiZq8coThvLGC9Ph,46,iad1,324,2048,,prj_lr2ySRMOQgVMZr3YstoloHjpUofO,,,01KNS79NWTQEXE94WNSD6AMH5T,VuL4a4kwcbGR,1
2026-04-09 13:35:14,1775741714674,www.mycvbuddy.com/generate/ebbd02a6-1c0e-4337-b4c2-05762e5f7826,GET,_rsc=8vo6l,200,z58vr-1775741714674-98543e0fbb2f,"Mozilla/5.0 (Windows NT 10.0; Win64; x64) AppleWebKit/537.36 (KHTML, like Gecko) Chrome/146.0.0.0 Safari/537.36 Edg/146.0.0.0",,production,,MISS,function,/generate/[id].rsc,www.mycvbuddy.com,cv-adapter-5yfinkue8-jakedalerourke-gmailcoms-projects.vercel.app,dpl_GSGY22E135xhSiZq8coThvLGC9Ph,40,iad1,323,2048,,prj_lr2ySRMOQgVMZr3YstoloHjpUofO,,,01KNS78GDP2M877BNN9P83X4AJ,VuL4a4kwcbGR,1
2026-04-09 13:34:56,1775741696217,www.mycvbuddy.com/api/upload,POST,,200,6crt9-1775741695104-d0665834edec,"Mozilla/5.0 (Windows NT 10.0; Win64; x64) AppleWebKit/537.36 (KHTML, like Gecko) Chrome/146.0.0.0 Safari/537.36 Edg/146.0.0.0",info,production,,MISS,function,/api/upload,www.mycvbuddy.com,www.mycvbuddy.com,dpl_GSGY22E135xhSiZq8coThvLGC9Ph,,,,,"Warning: NODE_ENV was incorrectly set to ""development"", this value is being overridden to ""production""",prj_lr2ySRMOQgVMZr3YstoloHjpUofO,,,,,
2026-04-09 13:34:56,1775741696439,www.mycvbuddy.com/api/upload,POST,,200,6crt9-1775741695104-d0665834edec,"Mozilla/5.0 (Windows NT 10.0; Win64; x64) AppleWebKit/537.36 (KHTML, like Gecko) Chrome/146.0.0.0 Safari/537.36 Edg/146.0.0.0",info,production,,MISS,function,/api/upload,www.mycvbuddy.com,www.mycvbuddy.com,dpl_GSGY22E135xhSiZq8coThvLGC9Ph,,,,,[UPLOAD API] Called at: 2026-04-09T13:34:56.432Z,prj_lr2ySRMOQgVMZr3YstoloHjpUofO,,,,,
2026-04-09 13:34:56,1775741696439,www.mycvbuddy.com/api/upload,POST,,200,6crt9-1775741695104-d0665834edec,"Mozilla/5.0 (Windows NT 10.0; Win64; x64) AppleWebKit/537.36 (KHTML, like Gecko) Chrome/146.0.0.0 Safari/537.36 Edg/146.0.0.0",info,production,,MISS,function,/api/upload,www.mycvbuddy.com,www.mycvbuddy.com,dpl_GSGY22E135xhSiZq8coThvLGC9Ph,,,,,[UPLOAD API] Request method: POST,prj_lr2ySRMOQgVMZr3YstoloHjpUofO,,,,,
2026-04-09 13:34:56,1775741696439,www.mycvbuddy.com/api/upload,POST,,200,6crt9-1775741695104-d0665834edec,"Mozilla/5.0 (Windows NT 10.0; Win64; x64) AppleWebKit/537.36 (KHTML, like Gecko) Chrome/146.0.0.0 Safari/537.36 Edg/146.0.0.0",info,production,,MISS,function,/api/upload,www.mycvbuddy.com,www.mycvbuddy.com,dpl_GSGY22E135xhSiZq8coThvLGC9Ph,,,,,[UPLOAD API] Request URL: https://www.mycvbuddy.com/api/upload,prj_lr2ySRMOQgVMZr3YstoloHjpUofO,,,,,
2026-04-09 13:34:57,1775741697043,www.mycvbuddy.com/api/upload,POST,,200,6crt9-1775741695104-d0665834edec,"Mozilla/5.0 (Windows NT 10.0; Win64; x64) AppleWebKit/537.36 (KHTML, like Gecko) Chrome/146.0.0.0 Safari/537.36 Edg/146.0.0.0",info,production,,MISS,function,/api/upload,www.mycvbuddy.com,www.mycvbuddy.com,dpl_GSGY22E135xhSiZq8coThvLGC9Ph,,,,,Authenticated user ID: e40ee62a-5028-4d47-934c-6d0625987cb3,prj_lr2ySRMOQgVMZr3YstoloHjpUofO,,,,,
2026-04-09 13:34:57,1775741697045,www.mycvbuddy.com/api/upload,POST,,200,6crt9-1775741695104-d0665834edec,"Mozilla/5.0 (Windows NT 10.0; Win64; x64) AppleWebKit/537.36 (KHTML, like Gecko) Chrome/146.0.0.0 Safari/537.36 Edg/146.0.0.0",info,production,,MISS,function,/api/upload,www.mycvbuddy.com,www.mycvbuddy.com,dpl_GSGY22E135xhSiZq8coThvLGC9Ph,,,,,Storage path: cv-uploads/e40ee62a-5028-4d47-934c-6d0625987cb3-1775741691970.pdf,prj_lr2ySRMOQgVMZr3YstoloHjpUofO,,,,,
2026-04-09 13:34:57,1775741697045,www.mycvbuddy.com/api/upload,POST,,200,6crt9-1775741695104-d0665834edec,"Mozilla/5.0 (Windows NT 10.0; Win64; x64) AppleWebKit/537.36 (KHTML, like Gecko) Chrome/146.0.0.0 Safari/537.36 Edg/146.0.0.0",info,production,,MISS,function,/api/upload,www.mycvbuddy.com,www.mycvbuddy.com,dpl_GSGY22E135xhSiZq8coThvLGC9Ph,,,,,File name: Rislana_Pulipra_CV.pdf,prj_lr2ySRMOQgVMZr3YstoloHjpUofO,,,,,
2026-04-09 13:34:57,1775741697045,www.mycvbuddy.com/api/upload,POST,,200,6crt9-1775741695104-d0665834edec,"Mozilla/5.0 (Windows NT 10.0; Win64; x64) AppleWebKit/537.36 (KHTML, like Gecko) Chrome/146.0.0.0 Safari/537.36 Edg/146.0.0.0",info,production,,MISS,function,/api/upload,www.mycvbuddy.com,www.mycvbuddy.com,dpl_GSGY22E135xhSiZq8coThvLGC9Ph,,,,,File size: 2473,prj_lr2ySRMOQgVMZr3YstoloHjpUofO,,,,,
2026-04-09 13:34:57,1775741697046,www.mycvbuddy.com/api/upload,POST,,200,6crt9-1775741695104-d0665834edec,"Mozilla/5.0 (Windows NT 10.0; Win64; x64) AppleWebKit/537.36 (KHTML, like Gecko) Chrome/146.0.0.0 Safari/537.36 Edg/146.0.0.0",info,production,,MISS,function,/api/upload,www.mycvbuddy.com,www.mycvbuddy.com,dpl_GSGY22E135xhSiZq8coThvLGC9Ph,,,,,File type: application/pdf,prj_lr2ySRMOQgVMZr3YstoloHjpUofO,,,,,
2026-04-09 13:34:57,1775741697046,www.mycvbuddy.com/api/upload,POST,,200,6crt9-1775741695104-d0665834edec,"Mozilla/5.0 (Windows NT 10.0; Win64; x64) AppleWebKit/537.36 (KHTML, like Gecko) Chrome/146.0.0.0 Safari/537.36 Edg/146.0.0.0",info,production,,MISS,function,/api/upload,www.mycvbuddy.com,www.mycvbuddy.com,dpl_GSGY22E135xhSiZq8coThvLGC9Ph,,,,,Downloading file from storage...,prj_lr2ySRMOQgVMZr3YstoloHjpUofO,,,,,
2026-04-09 13:34:57,1775741697871,www.mycvbuddy.com/api/upload,POST,,200,6crt9-1775741695104-d0665834edec,"Mozilla/5.0 (Windows NT 10.0; Win64; x64) AppleWebKit/537.36 (KHTML, like Gecko) Chrome/146.0.0.0 Safari/537.36 Edg/146.0.0.0",info,production,,MISS,function,/api/upload,www.mycvbuddy.com,www.mycvbuddy.com,dpl_GSGY22E135xhSiZq8coThvLGC9Ph,,,,,"Starting file parsing, type: application/pdf",prj_lr2ySRMOQgVMZr3YstoloHjpUofO,,,,,
2026-04-09 13:34:57,1775741697871,www.mycvbuddy.com/api/upload,POST,,200,6crt9-1775741695104-d0665834edec,"Mozilla/5.0 (Windows NT 10.0; Win64; x64) AppleWebKit/537.36 (KHTML, like Gecko) Chrome/146.0.0.0 Safari/537.36 Edg/146.0.0.0",info,production,,MISS,function,/api/upload,www.mycvbuddy.com,www.mycvbuddy.com,dpl_GSGY22E135xhSiZq8coThvLGC9Ph,,,,,Parsing PDF file,prj_lr2ySRMOQgVMZr3YstoloHjpUofO,,,,,
2026-04-09 13:34:57,1775741697924,www.mycvbuddy.com/api/upload,POST,,200,6crt9-1775741695104-d0665834edec,"Mozilla/5.0 (Windows NT 10.0; Win64; x64) AppleWebKit/537.36 (KHTML, like Gecko) Chrome/146.0.0.0 Safari/537.36 Edg/146.0.0.0",error,production,,MISS,function,/api/upload,www.mycvbuddy.com,www.mycvbuddy.com,dpl_GSGY22E135xhSiZq8coThvLGC9Ph,,,,,"File parsing error: UnknownErrorException: bad XRef entry
    at Module.<anonymous> (../../opt/rust/bytecode.js:2:1451)
    at O.l._compile (../../opt/rust/bytecode.js:2:3849)
    at <unknown> (../../opt/rust/nodejs.js:2:13531)
    at Module.pn (../../opt/rust/nodejs.js:2:13909) {
  details: 'FormatError: bad XRef entry'
}",prj_lr2ySRMOQgVMZr3YstoloHjpUofO,,,,,
2026-04-09 13:34:57,1775741697924,www.mycvbuddy.com/api/upload,POST,,200,6crt9-1775741695104-d0665834edec,"Mozilla/5.0 (Windows NT 10.0; Win64; x64) AppleWebKit/537.36 (KHTML, like Gecko) Chrome/146.0.0.0 Safari/537.36 Edg/146.0.0.0",info,production,,MISS,function,/api/upload,www.mycvbuddy.com,www.mycvbuddy.com,dpl_GSGY22E135xhSiZq8coThvLGC9Ph,,,,,Detecting language...,prj_lr2ySRMOQgVMZr3YstoloHjpUofO,,,,,
2026-04-09 13:34:57,1775741697925,www.mycvbuddy.com/api/upload,POST,,200,6crt9-1775741695104-d0665834edec,"Mozilla/5.0 (Windows NT 10.0; Win64; x64) AppleWebKit/537.36 (KHTML, like Gecko) Chrome/146.0.0.0 Safari/537.36 Edg/146.0.0.0",info,production,,MISS,function,/api/upload,www.mycvbuddy.com,www.mycvbuddy.com,dpl_GSGY22E135xhSiZq8coThvLGC9Ph,,,,,"⚠️ Text too short (70 chars), defaulting to English",prj_lr2ySRMOQgVMZr3YstoloHjpUofO,,,,,
2026-04-09 13:34:57,1775741697925,www.mycvbuddy.com/api/upload,POST,,200,6crt9-1775741695104-d0665834edec,"Mozilla/5.0 (Windows NT 10.0; Win64; x64) AppleWebKit/537.36 (KHTML, like Gecko) Chrome/146.0.0.0 Safari/537.36 Edg/146.0.0.0",info,production,,MISS,function,/api/upload,www.mycvbuddy.com,www.mycvbuddy.com,dpl_GSGY22E135xhSiZq8coThvLGC9Ph,,,,,Language detected: en (English) confidence: low,prj_lr2ySRMOQgVMZr3YstoloHjpUofO,,,,,
2026-04-09 13:34:57,1775741697925,www.mycvbuddy.com/api/upload,POST,,200,6crt9-1775741695104-d0665834edec,"Mozilla/5.0 (Windows NT 10.0; Win64; x64) AppleWebKit/537.36 (KHTML, like Gecko) Chrome/146.0.0.0 Safari/537.36 Edg/146.0.0.0",info,production,,MISS,function,/api/upload,www.mycvbuddy.com,www.mycvbuddy.com,dpl_GSGY22E135xhSiZq8coThvLGC9Ph,,,,,Parsing CV sections with AI...,prj_lr2ySRMOQgVMZr3YstoloHjpUofO,,,,,
2026-04-09 13:34:59,1775741699144,www.mycvbuddy.com/api/upload,POST,,200,6crt9-1775741695104-d0665834edec,"Mozilla/5.0 (Windows NT 10.0; Win64; x64) AppleWebKit/537.36 (KHTML, like Gecko) Chrome/146.0.0.0 Safari/537.36 Edg/146.0.0.0",info,production,,MISS,function,/api/upload,www.mycvbuddy.com,www.mycvbuddy.com,dpl_GSGY22E135xhSiZq8coThvLGC9Ph,,,,,Parsed sections: 0,prj_lr2ySRMOQgVMZr3YstoloHjpUofO,,,,,
2026-04-09 13:34:59,1775741699144,www.mycvbuddy.com/api/upload,POST,,200,6crt9-1775741695104-d0665834edec,"Mozilla/5.0 (Windows NT 10.0; Win64; x64) AppleWebKit/537.36 (KHTML, like Gecko) Chrome/146.0.0.0 Safari/537.36 Edg/146.0.0.0",info,production,,MISS,function,/api/upload,www.mycvbuddy.com,www.mycvbuddy.com,dpl_GSGY22E135xhSiZq8coThvLGC9Ph,,,,,Saving to database...,prj_lr2ySRMOQgVMZr3YstoloHjpUofO,,,,,
2026-04-09 13:34:59,1775741699462,www.mycvbuddy.com/api/upload,POST,,200,6crt9-1775741695104-d0665834edec,"Mozilla/5.0 (Windows NT 10.0; Win64; x64) AppleWebKit/537.36 (KHTML, like Gecko) Chrome/146.0.0.0 Safari/537.36 Edg/146.0.0.0",info,production,,MISS,function,/api/upload,www.mycvbuddy.com,www.mycvbuddy.com,dpl_GSGY22E135xhSiZq8coThvLGC9Ph,,,,,CV saved successfully: ebbd02a6-1c0e-4337-b4c2-05762e5f7826,prj_lr2ySRMOQgVMZr3YstoloHjpUofO,,,,,
2026-04-09 13:34:59,1775741699463,www.mycvbuddy.com/api/upload,POST,,200,6crt9-1775741695104-d0665834edec,"Mozilla/5.0 (Windows NT 10.0; Win64; x64) AppleWebKit/537.36 (KHTML, like Gecko) Chrome/146.0.0.0 Safari/537.36 Edg/146.0.0.0",info,production,,MISS,function,/api/upload,www.mycvbuddy.com,www.mycvbuddy.com,dpl_GSGY22E135xhSiZq8coThvLGC9Ph,,,,,Creating CV sections for editor...,prj_lr2ySRMOQgVMZr3YstoloHjpUofO,,,,,
2026-04-09 13:34:59,1775741699472,www.mycvbuddy.com/api/upload,POST,,200,6crt9-1775741695104-d0665834edec,"Mozilla/5.0 (Windows NT 10.0; Win64; x64) AppleWebKit/537.36 (KHTML, like Gecko) Chrome/146.0.0.0 Safari/537.36 Edg/146.0.0.0",warning,production,,MISS,function,/api/upload,www.mycvbuddy.com,www.mycvbuddy.com,dpl_GSGY22E135xhSiZq8coThvLGC9Ph,,,,,"Analytics: User not authenticated, skipping event tracking",prj_lr2ySRMOQgVMZr3YstoloHjpUofO,,,,,
2026-04-09 13:34:55,1775741695104,www.mycvbuddy.com/api/upload,POST,,200,6crt9-1775741695104-d0665834edec,"Mozilla/5.0 (Windows NT 10.0; Win64; x64) AppleWebKit/537.36 (KHTML, like Gecko) Chrome/146.0.0.0 Safari/537.36 Edg/146.0.0.0",,production,,MISS,function,/api/upload,www.mycvbuddy.com,www.mycvbuddy.com,dpl_GSGY22E135xhSiZq8coThvLGC9Ph,3847,iad1,319,2048,,prj_lr2ySRMOQgVMZr3YstoloHjpUofO,,,01KNS77X7VGSWZFBF5QD8VW4NB,RdsXKrZfoiUg,1
2026-04-09 13:34:53,1775741693020,www.mycvbuddy.com/,GET,,200,9jmk2-1775741693020-bec1327c1a0d,SentryUptimeBot/1.0 (+http://docs.sentry.io/product/alerts/uptime-monitoring/),,production,,MISS,function,/,www.mycvbuddy.com,cv-adapter-5yfinkue8-jakedalerourke-gmailcoms-projects.vercel.app,dpl_GSGY22E135xhSiZq8coThvLGC9Ph,44,iad1,323,2048,,prj_lr2ySRMOQgVMZr3YstoloHjpUofO,,,01KNS77V4Q4E94EWYFNH04CE4W,VuL4a4kwcbGR,1
2026-04-09 13:34:22,1775741662740,www.mycvbuddy.com/roast-cv,GET,_rsc=skepm,200,nn7dp-1775741662740-c8242c725fd8,"Mozilla/5.0 (Windows NT 10.0; Win64; x64) AppleWebKit/537.36 (KHTML, like Gecko) Chrome/146.0.0.0 Safari/537.36 Edg/146.0.0.0",,production,,HIT,static,/roast-cv,www.mycvbuddy.com,cv-adapter-5yfinkue8-jakedalerourke-gmailcoms-projects.vercel.app,dpl_GSGY22E135xhSiZq8coThvLGC9Ph,5,lhr1,,,,prj_lr2ySRMOQgVMZr3YstoloHjpUofO,,,,,
2026-04-09 13:34:22,1775741662736,www.mycvbuddy.com/skills-assessment,GET,_rsc=skepm,200,8jnlb-1775741662736-f8b4e10f3540,"Mozilla/5.0 (Windows NT 10.0; Win64; x64) AppleWebKit/537.36 (KHTML, like Gecko) Chrome/146.0.0.0 Safari/537.36 Edg/146.0.0.0",,production,,HIT,static,/skills-assessment,www.mycvbuddy.com,cv-adapter-5yfinkue8-jakedalerourke-gmailcoms-projects.vercel.app,dpl_GSGY22E135xhSiZq8coThvLGC9Ph,7,lhr1,,,,prj_lr2ySRMOQgVMZr3YstoloHjpUofO,,,,,
2026-04-09 13:34:22,1775741662735,www.mycvbuddy.com/upload,GET,_rsc=skepm,200,695jq-1775741662735-863092b04aad,"Mozilla/5.0 (Windows NT 10.0; Win64; x64) AppleWebKit/537.36 (KHTML, like Gecko) Chrome/146.0.0.0 Safari/537.36 Edg/146.0.0.0",,production,,HIT,static,/upload,www.mycvbuddy.com,cv-adapter-5yfinkue8-jakedalerourke-gmailcoms-projects.vercel.app,dpl_GSGY22E135xhSiZq8coThvLGC9Ph,15,lhr1,,,,prj_lr2ySRMOQgVMZr3YstoloHjpUofO,,,,,
2026-04-09 13:34:22,1775741662734,www.mycvbuddy.com/subscription,GET,_rsc=skepm,200,nn7dp-1775741662734-01952c134cd5,"Mozilla/5.0 (Windows NT 10.0; Win64; x64) AppleWebKit/537.36 (KHTML, like Gecko) Chrome/146.0.0.0 Safari/537.36 Edg/146.0.0.0",,production,,HIT,static,/subscription,www.mycvbuddy.com,cv-adapter-5yfinkue8-jakedalerourke-gmailcoms-projects.vercel.app,dpl_GSGY22E135xhSiZq8coThvLGC9Ph,4,lhr1,,,,prj_lr2ySRMOQgVMZr3YstoloHjpUofO,,,,,
2026-04-09 13:34:22,1775741662734,www.mycvbuddy.com/cover-letter,GET,_rsc=skepm,200,fkdbv-1775741662734-3f3f14ec037a,"Mozilla/5.0 (Windows NT 10.0; Win64; x64) AppleWebKit/537.36 (KHTML, like Gecko) Chrome/146.0.0.0 Safari/537.36 Edg/146.0.0.0",,production,,HIT,static,/cover-letter,www.mycvbuddy.com,cv-adapter-5yfinkue8-jakedalerourke-gmailcoms-projects.vercel.app,dpl_GSGY22E135xhSiZq8coThvLGC9Ph,8,lhr1,,,,prj_lr2ySRMOQgVMZr3YstoloHjpUofO,,,,,
2026-04-09 13:34:21,1775741661513,www.mycvbuddy.com/dashboard,GET,_rsc=vusbg,200,r2xv7-1775741661513-ab1fc9c86775,"Mozilla/5.0 (Windows NT 10.0; Win64; x64) AppleWebKit/537.36 (KHTML, like Gecko) Chrome/146.0.0.0 Safari/537.36 Edg/146.0.0.0",,production,,HIT,static,/dashboard,www.mycvbuddy.com,cv-adapter-5yfinkue8-jakedalerourke-gmailcoms-projects.vercel.app,dpl_GSGY22E135xhSiZq8coThvLGC9Ph,9,lhr1,,,,prj_lr2ySRMOQgVMZr3YstoloHjpUofO,,,,,
2026-04-09 13:34:21,1775741661093,www.mycvbuddy.com/auth/login,GET,_rsc=3lb4g,304,n9m4l-1775741661093-ecf128aa6637,"Mozilla/5.0 (Windows NT 10.0; Win64; x64) AppleWebKit/537.36 (KHTML, like Gecko) Chrome/146.0.0.0 Safari/537.36 Edg/146.0.0.0",,production,,HIT,static,/auth/login,www.mycvbuddy.com,cv-adapter-5yfinkue8-jakedalerourke-gmailcoms-projects.vercel.app,dpl_GSGY22E135xhSiZq8coThvLGC9Ph,5,lhr1,,,,prj_lr2ySRMOQgVMZr3YstoloHjpUofO,,,,,
2026-04-09 13:34:21,1775741661093,www.mycvbuddy.com/auth/signup,GET,_rsc=3lb4g,304,fkdbv-1775741661093-fefe5c93637b,"Mozilla/5.0 (Windows NT 10.0; Win64; x64) AppleWebKit/537.36 (KHTML, like Gecko) Chrome/146.0.0.0 Safari/537.36 Edg/146.0.0.0",,production,,HIT,static,/auth/signup,www.mycvbuddy.com,cv-adapter-5yfinkue8-jakedalerourke-gmailcoms-projects.vercel.app,dpl_GSGY22E135xhSiZq8coThvLGC9Ph,8,lhr1,,,,prj_lr2ySRMOQgVMZr3YstoloHjpUofO,,,,,
2026-04-09 13:34:20,1775741660477,www.mycvbuddy.com/,GET,code=0c7f31e6-ca30-4649-b00f-36b543754348,200,2hjh5-1775741660477-69902b16032a,"Mozilla/5.0 (Windows NT 10.0; Win64; x64) AppleWebKit/537.36 (KHTML, like Gecko) Chrome/146.0.0.0 Safari/537.36 Edg/146.0.0.0",,production,,MISS,function,/,www.mycvbuddy.com,cv-adapter-5yfinkue8-jakedalerourke-gmailcoms-projects.vercel.app,dpl_GSGY22E135xhSiZq8coThvLGC9Ph,45,iad1,323,2048,,prj_lr2ySRMOQgVMZr3YstoloHjpUofO,,,01KNS76VBDEHJW1QFQT5CY7DPQ,VuL4a4kwcbGR,1
2026-04-09 13:34:10,1775741650665,www.mycvbuddy.com/privacy,GET,_rsc=6iz7d,200,664fd-1775741650665-36a9e5b80575,"Mozilla/5.0 (Windows NT 10.0; Win64; x64) AppleWebKit/537.36 (KHTML, like Gecko) Chrome/146.0.0.0 Safari/537.36 Edg/146.0.0.0",,production,,HIT,static,/privacy,www.mycvbuddy.com,cv-adapter-5yfinkue8-jakedalerourke-gmailcoms-projects.vercel.app,dpl_GSGY22E135xhSiZq8coThvLGC9Ph,27,lhr1,,,,prj_lr2ySRMOQgVMZr3YstoloHjpUofO,,,,,
2026-04-09 13:34:10,1775741650663,www.mycvbuddy.com/terms,GET,_rsc=6iz7d,200,p8wck-1775741650663-3f57f5778267,"Mozilla/5.0 (Windows NT 10.0; Win64; x64) AppleWebKit/537.36 (KHTML, like Gecko) Chrome/146.0.0.0 Safari/537.36 Edg/146.0.0.0",,production,,HIT,static,/terms,www.mycvbuddy.com,cv-adapter-5yfinkue8-jakedalerourke-gmailcoms-projects.vercel.app,dpl_GSGY22E135xhSiZq8coThvLGC9Ph,16,lhr1,,,,prj_lr2ySRMOQgVMZr3YstoloHjpUofO,,,,,
2026-04-09 13:33:54,1775741634604,www.mycvbuddy.com/auth/signup,GET,_rsc=3lb4g,200,r2xv7-1775741634604-00bf8a4c0124,"Mozilla/5.0 (Windows NT 10.0; Win64; x64) AppleWebKit/537.36 (KHTML, like Gecko) Chrome/146.0.0.0 Safari/537.36 Edg/146.0.0.0",,production,,HIT,static,/auth/signup,www.mycvbuddy.com,cv-adapter-5yfinkue8-jakedalerourke-gmailcoms-projects.vercel.app,dpl_GSGY22E135xhSiZq8coThvLGC9Ph,4,lhr1,,,,prj_lr2ySRMOQgVMZr3YstoloHjpUofO,,,,,
2026-04-09 13:33:54,1775741634604,www.mycvbuddy.com/auth/login,GET,_rsc=3lb4g,200,744q5-1775741634604-68d9e51d2b3c,"Mozilla/5.0 (Windows NT 10.0; Win64; x64) AppleWebKit/537.36 (KHTML, like Gecko) Chrome/146.0.0.0 Safari/537.36 Edg/146.0.0.0",,production,,HIT,static,/auth/login,www.mycvbuddy.com,cv-adapter-5yfinkue8-jakedalerourke-gmailcoms-projects.vercel.app,dpl_GSGY22E135xhSiZq8coThvLGC9Ph,3,lhr1,,,,prj_lr2ySRMOQgVMZr3YstoloHjpUofO,,,,,
2026-04-09 13:33:53,1775741633712,www.mycvbuddy.com/,GET,utm_source=chatgpt.com,200,lwvqj-1775741633712-467321cd086c,"Mozilla/5.0 (Windows NT 10.0; Win64; x64) AppleWebKit/537.36 (KHTML, like Gecko) Chrome/146.0.0.0 Safari/537.36 Edg/146.0.0.0",,production,,MISS,function,/,www.mycvbuddy.com,cv-adapter-5yfinkue8-jakedalerourke-gmailcoms-projects.vercel.app,dpl_GSGY22E135xhSiZq8coThvLGC9Ph,98,iad1,322,2048,,prj_lr2ySRMOQgVMZr3YstoloHjpUofO,,,01KNS7617357EZFY4HSWGNTVQZ,VuL4a4kwcbGR,1
2026-04-09 13:33:53,1775741633026,www.mycvbuddy.com/,GET,,200,bz4fk-1775741633026-5c4c675baa9e,SentryUptimeBot/1.0 (+http://docs.sentry.io/product/alerts/uptime-monitoring/),,production,,MISS,function,/,www.mycvbuddy.com,cv-adapter-5yfinkue8-jakedalerourke-gmailcoms-projects.vercel.app,dpl_GSGY22E135xhSiZq8coThvLGC9Ph,76,iad1,319,2048,,prj_lr2ySRMOQgVMZr3YstoloHjpUofO,,,01KNS760K320V8HNAYXNHYKJ0C,VuL4a4kwcbGR,1
2026-04-09 13:33:12,1775741592971,www.mycvbuddy.com/,GET,,200,trknc-1775741592971-1739ab64454c,"Mozilla/5.0 AppleWebKit/537.36 (KHTML, like Gecko); compatible; ChatGPT-User/1.0; +https://openai.com/bot",,production,,MISS,function,/,www.mycvbuddy.com,cv-adapter-5yfinkue8-jakedalerourke-gmailcoms-projects.vercel.app,dpl_GSGY22E135xhSiZq8coThvLGC9Ph,68,iad1,318,2048,,prj_lr2ySRMOQgVMZr3YstoloHjpUofO,,,01KNS74SE428VH24YZRDDTEF9P,VuL4a4kwcbGR,1
2026-04-09 13:32:53,1775741573041,www.mycvbuddy.com/,GET,,200,47445-1775741573041-89f07cd1b7f8,SentryUptimeBot/1.0 (+http://docs.sentry.io/product/alerts/uptime-monitoring/),,production,,MISS,function,/,www.mycvbuddy.com,cv-adapter-5yfinkue8-jakedalerourke-gmailcoms-projects.vercel.app,dpl_GSGY22E135xhSiZq8coThvLGC9Ph,45,iad1,317,2048,,prj_lr2ySRMOQgVMZr3YstoloHjpUofO,,,01KNS745ZEX9QSWWST87X20GW9,VuL4a4kwcbGR,1
2026-04-09 13:32:03,1775741523048,www.mycvbuddy.com/auth/signup,GET,_rsc=3lb4g,304,tg7bs-1775741523048-eba74789d8e7,"Mozilla/5.0 (Windows NT 10.0; Win64; x64) AppleWebKit/537.36 (KHTML, like Gecko) Chrome/146.0.0.0 Safari/537.36 Edg/146.0.0.0",,production,,HIT,static,/auth/signup,www.mycvbuddy.com,cv-adapter-5yfinkue8-jakedalerourke-gmailcoms-projects.vercel.app,dpl_GSGY22E135xhSiZq8coThvLGC9Ph,5,lhr1,,,,prj_lr2ySRMOQgVMZr3YstoloHjpUofO,,,,,
2026-04-09 13:32:03,1775741523042,www.mycvbuddy.com/auth/login,GET,_rsc=3lb4g,304,tg7bs-1775741523042-3bd6729d2239,"Mozilla/5.0 (Windows NT 10.0; Win64; x64) AppleWebKit/537.36 (KHTML, like Gecko) Chrome/146.0.0.0 Safari/537.36 Edg/146.0.0.0",,production,,HIT,static,/auth/login,www.mycvbuddy.com,cv-adapter-5yfinkue8-jakedalerourke-gmailcoms-projects.vercel.app,dpl_GSGY22E135xhSiZq8coThvLGC9Ph,5,lhr1,,,,prj_lr2ySRMOQgVMZr3YstoloHjpUofO,,,,,
2026-04-09 13:31:55,1775741515015,www.mycvbuddy.com/roast-cv,GET,_rsc=skepm,304,lwvqj-1775741515015-428e7bf0c7f5,"Mozilla/5.0 (Windows NT 10.0; Win64; x64) AppleWebKit/537.36 (KHTML, like Gecko) Chrome/146.0.0.0 Safari/537.36 Edg/146.0.0.0",,production,,HIT,static,/roast-cv,www.mycvbuddy.com,cv-adapter-5yfinkue8-jakedalerourke-gmailcoms-projects.vercel.app,dpl_GSGY22E135xhSiZq8coThvLGC9Ph,42,lhr1,,,,prj_lr2ySRMOQgVMZr3YstoloHjpUofO,,,,,
2026-04-09 13:31:54,1775741514992,www.mycvbuddy.com/cover-letter,GET,_rsc=skepm,304,gt8tf-1775741514992-31bc3d4ac27d,"Mozilla/5.0 (Windows NT 10.0; Win64; x64) AppleWebKit/537.36 (KHTML, like Gecko) Chrome/146.0.0.0 Safari/537.36 Edg/146.0.0.0",,production,,HIT,static,/cover-letter,www.mycvbuddy.com,cv-adapter-5yfinkue8-jakedalerourke-gmailcoms-projects.vercel.app,dpl_GSGY22E135xhSiZq8coThvLGC9Ph,108,lhr1,,,,prj_lr2ySRMOQgVMZr3YstoloHjpUofO,,,,,
2026-04-09 13:31:54,1775741514983,www.mycvbuddy.com/skills-assessment,GET,_rsc=skepm,304,gt8tf-1775741514983-044924425232,"Mozilla/5.0 (Windows NT 10.0; Win64; x64) AppleWebKit/537.36 (KHTML, like Gecko) Chrome/146.0.0.0 Safari/537.36 Edg/146.0.0.0",,production,,HIT,static,/skills-assessment,www.mycvbuddy.com,cv-adapter-5yfinkue8-jakedalerourke-gmailcoms-projects.vercel.app,dpl_GSGY22E135xhSiZq8coThvLGC9Ph,10,lhr1,,,,prj_lr2ySRMOQgVMZr3YstoloHjpUofO,,,,,
2026-04-09 13:31:54,1775741514980,www.mycvbuddy.com/upload,GET,_rsc=skepm,304,lwvqj-1775741514980-4ae407a6cc51,"Mozilla/5.0 (Windows NT 10.0; Win64; x64) AppleWebKit/537.36 (KHTML, like Gecko) Chrome/146.0.0.0 Safari/537.36 Edg/146.0.0.0",,production,,HIT,static,/upload,www.mycvbuddy.com,cv-adapter-5yfinkue8-jakedalerourke-gmailcoms-projects.vercel.app,dpl_GSGY22E135xhSiZq8coThvLGC9Ph,28,lhr1,,,,prj_lr2ySRMOQgVMZr3YstoloHjpUofO,,,,,
2026-04-09 13:31:54,1775741514979,www.mycvbuddy.com/subscription,GET,_rsc=skepm,304,tprf9-1775741514979-c76378805f76,"Mozilla/5.0 (Windows NT 10.0; Win64; x64) AppleWebKit/537.36 (KHTML, like Gecko) Chrome/146.0.0.0 Safari/537.36 Edg/146.0.0.0",,production,,HIT,static,/subscription,www.mycvbuddy.com,cv-adapter-5yfinkue8-jakedalerourke-gmailcoms-projects.vercel.app,dpl_GSGY22E135xhSiZq8coThvLGC9Ph,10,lhr1,,,,prj_lr2ySRMOQgVMZr3YstoloHjpUofO,,,,,
2026-04-09 13:31:54,1775741514977,www.mycvbuddy.com/,GET,_rsc=skepm,200,f77z9-1775741514977-c0b44e1dd86b,"Mozilla/5.0 (Windows NT 10.0; Win64; x64) AppleWebKit/537.36 (KHTML, like Gecko) Chrome/146.0.0.0 Safari/537.36 Edg/146.0.0.0",,production,,MISS,function,/index.rsc,www.mycvbuddy.com,cv-adapter-5yfinkue8-jakedalerourke-gmailcoms-projects.vercel.app,dpl_GSGY22E135xhSiZq8coThvLGC9Ph,11,iad1,317,2048,,prj_lr2ySRMOQgVMZr3YstoloHjpUofO,,,01KNS72D8DX7KA38Y3ZDCT3B0N,VuL4a4kwcbGR,1
2026-04-09 13:31:53,1775741513563,www.mycvbuddy.com/dashboard,GET,_rsc=1pxxa,200,p8w47-1775741513563-387f29e51cc7,"Mozilla/5.0 (Windows NT 10.0; Win64; x64) AppleWebKit/537.36 (KHTML, like Gecko) Chrome/146.0.0.0 Safari/537.36 Edg/146.0.0.0",,production,,HIT,static,/dashboard,www.mycvbuddy.com,cv-adapter-5yfinkue8-jakedalerourke-gmailcoms-projects.vercel.app,dpl_GSGY22E135xhSiZq8coThvLGC9Ph,23,lhr1,,,,prj_lr2ySRMOQgVMZr3YstoloHjpUofO,,,,,
2026-04-09 13:31:53,1775741513033,www.mycvbuddy.com/,GET,,200,jxwzh-1775741513033-0a88776f721f,SentryUptimeBot/1.0 (+http://docs.sentry.io/product/alerts/uptime-monitoring/),,production,,MISS,function,/,www.mycvbuddy.com,cv-adapter-5yfinkue8-jakedalerourke-gmailcoms-projects.vercel.app,dpl_GSGY22E135xhSiZq8coThvLGC9Ph,55,iad1,317,2048,,prj_lr2ySRMOQgVMZr3YstoloHjpUofO,,,01KNS72BC6EXVXB5HA67QZPY36,VuL4a4kwcbGR,1
2026-04-09 13:30:53,1775741453029,www.mycvbuddy.com/,GET,,200,rc767-1775741453029-758f2c6ee1d9,SentryUptimeBot/1.0 (+http://docs.sentry.io/product/alerts/uptime-monitoring/),,production,,MISS,function,/,www.mycvbuddy.com,cv-adapter-5yfinkue8-jakedalerourke-gmailcoms-projects.vercel.app,dpl_GSGY22E135xhSiZq8coThvLGC9Ph,77,iad1,317,2048,,prj_lr2ySRMOQgVMZr3YstoloHjpUofO,,,01KNS70GRZE3683JKE0BW69AG3,VuL4a4kwcbGR,1
2026-04-09 13:30:34,1775741434777,www.mycvbuddy.com/customize-resume-for-each-job,GET,,200,rndwp-1775741434777-0c85f89e38ba,"Mozilla/5.0 AppleWebKit/537.36 (KHTML, like Gecko; compatible; bingbot/2.0; +http://www.bing.com/bingbot.htm) Chrome/116.0.1938.76 Safari/537.36",,production,,PRERENDER,static,/customize-resume-for-each-job,www.mycvbuddy.com,cv-adapter-5yfinkue8-jakedalerourke-gmailcoms-projects.vercel.app,dpl_GSGY22E135xhSiZq8coThvLGC9Ph,307,iad1,,,,prj_lr2ySRMOQgVMZr3YstoloHjpUofO,,,,,
2026-04-09 13:29:53,1775741393043,www.mycvbuddy.com/,GET,,200,rrb77-1775741393043-e5cdf26f8191,SentryUptimeBot/1.0 (+http://docs.sentry.io/product/alerts/uptime-monitoring/),,production,,MISS,function,/,www.mycvbuddy.com,cv-adapter-5yfinkue8-jakedalerourke-gmailcoms-projects.vercel.app,dpl_GSGY22E135xhSiZq8coThvLGC9Ph,45,iad1,316,2048,,prj_lr2ySRMOQgVMZr3YstoloHjpUofO,,,01KNS6YP6W7X1PQ5F406FYXKW2,VuL4a4kwcbGR,1
2026-04-09 13:28:53,1775741333015,www.mycvbuddy.com/,GET,,200,9jmk2-1775741333015-816afc3bc049,SentryUptimeBot/1.0 (+http://docs.sentry.io/product/alerts/uptime-monitoring/),,production,,MISS,function,/,www.mycvbuddy.com,cv-adapter-5yfinkue8-jakedalerourke-gmailcoms-projects.vercel.app,dpl_GSGY22E135xhSiZq8coThvLGC9Ph,62,iad1,316,2048,,prj_lr2ySRMOQgVMZr3YstoloHjpUofO,,,01KNS6WVJPN8GJWE5F5PN30MWC,VuL4a4kwcbGR,1
2026-04-09 13:27:53,1775741273030,www.mycvbuddy.com/,GET,,200,kjv77-1775741273030-0a16da06ff8b,SentryUptimeBot/1.0 (+http://docs.sentry.io/product/alerts/uptime-monitoring/),,production,,MISS,function,/,www.mycvbuddy.com,cv-adapter-5yfinkue8-jakedalerourke-gmailcoms-projects.vercel.app,dpl_GSGY22E135xhSiZq8coThvLGC9Ph,54,iad1,316,2048,,prj_lr2ySRMOQgVMZr3YstoloHjpUofO,,,01KNS6V10T7H3WKRDMZQ49G51B,VuL4a4kwcbGR,1
2026-04-09 13:27:38,1775741258025,www.mycvbuddy.com/api/upload,POST,,500,7n2m6-1775741256951-df3c4605cd4a,"Mozilla/5.0 (Windows NT 10.0; Win64; x64) AppleWebKit/537.36 (KHTML, like Gecko) Chrome/146.0.0.0 Safari/537.36 Edg/146.0.0.0",info,production,,MISS,function,/api/upload,www.mycvbuddy.com,www.mycvbuddy.com,dpl_GSGY22E135xhSiZq8coThvLGC9Ph,,,,,"Warning: NODE_ENV was incorrectly set to ""development"", this value is being overridden to ""production""",prj_lr2ySRMOQgVMZr3YstoloHjpUofO,,,,,
2026-04-09 13:27:38,1775741258290,www.mycvbuddy.com/api/upload,POST,,500,7n2m6-1775741256951-df3c4605cd4a,"Mozilla/5.0 (Windows NT 10.0; Win64; x64) AppleWebKit/537.36 (KHTML, like Gecko) Chrome/146.0.0.0 Safari/537.36 Edg/146.0.0.0",info,production,,MISS,function,/api/upload,www.mycvbuddy.com,www.mycvbuddy.com,dpl_GSGY22E135xhSiZq8coThvLGC9Ph,,,,,[UPLOAD API] Called at: 2026-04-09T13:27:38.288Z,prj_lr2ySRMOQgVMZr3YstoloHjpUofO,,,,,
2026-04-09 13:27:38,1775741258290,www.mycvbuddy.com/api/upload,POST,,500,7n2m6-1775741256951-df3c4605cd4a,"Mozilla/5.0 (Windows NT 10.0; Win64; x64) AppleWebKit/537.36 (KHTML, like Gecko) Chrome/146.0.0.0 Safari/537.36 Edg/146.0.0.0",info,production,,MISS,function,/api/upload,www.mycvbuddy.com,www.mycvbuddy.com,dpl_GSGY22E135xhSiZq8coThvLGC9Ph,,,,,[UPLOAD API] Request method: POST,prj_lr2ySRMOQgVMZr3YstoloHjpUofO,,,,,
2026-04-09 13:27:38,1775741258290,www.mycvbuddy.com/api/upload,POST,,500,7n2m6-1775741256951-df3c4605cd4a,"Mozilla/5.0 (Windows NT 10.0; Win64; x64) AppleWebKit/537.36 (KHTML, like Gecko) Chrome/146.0.0.0 Safari/537.36 Edg/146.0.0.0",info,production,,MISS,function,/api/upload,www.mycvbuddy.com,www.mycvbuddy.com,dpl_GSGY22E135xhSiZq8coThvLGC9Ph,,,,,[UPLOAD API] Request URL: https://www.mycvbuddy.com/api/upload,prj_lr2ySRMOQgVMZr3YstoloHjpUofO,,,,,
2026-04-09 13:27:38,1775741258939,www.mycvbuddy.com/api/upload,POST,,500,7n2m6-1775741256951-df3c4605cd4a,"Mozilla/5.0 (Windows NT 10.0; Win64; x64) AppleWebKit/537.36 (KHTML, like Gecko) Chrome/146.0.0.0 Safari/537.36 Edg/146.0.0.0",info,production,,MISS,function,/api/upload,www.mycvbuddy.com,www.mycvbuddy.com,dpl_GSGY22E135xhSiZq8coThvLGC9Ph,,,,,Authenticated user ID: 240f5ce7-4009-45b2-923a-dd6ee2e80542,prj_lr2ySRMOQgVMZr3YstoloHjpUofO,,,,,
2026-04-09 13:27:38,1775741258940,www.mycvbuddy.com/api/upload,POST,,500,7n2m6-1775741256951-df3c4605cd4a,"Mozilla/5.0 (Windows NT 10.0; Win64; x64) AppleWebKit/537.36 (KHTML, like Gecko) Chrome/146.0.0.0 Safari/537.36 Edg/146.0.0.0",info,production,,MISS,function,/api/upload,www.mycvbuddy.com,www.mycvbuddy.com,dpl_GSGY22E135xhSiZq8coThvLGC9Ph,,,,,Storage path: cv-uploads/240f5ce7-4009-45b2-923a-dd6ee2e80542-1775741256324.pdf,prj_lr2ySRMOQgVMZr3YstoloHjpUofO,,,,,
2026-04-09 13:27:38,1775741258941,www.mycvbuddy.com/api/upload,POST,,500,7n2m6-1775741256951-df3c4605cd4a,"Mozilla/5.0 (Windows NT 10.0; Win64; x64) AppleWebKit/537.36 (KHTML, like Gecko) Chrome/146.0.0.0 Safari/537.36 Edg/146.0.0.0",info,production,,MISS,function,/api/upload,www.mycvbuddy.com,www.mycvbuddy.com,dpl_GSGY22E135xhSiZq8coThvLGC9Ph,,,,,File name: Pamela_Dale-Rourke.pdf,prj_lr2ySRMOQgVMZr3YstoloHjpUofO,,,,,
2026-04-09 13:27:38,1775741258941,www.mycvbuddy.com/api/upload,POST,,500,7n2m6-1775741256951-df3c4605cd4a,"Mozilla/5.0 (Windows NT 10.0; Win64; x64) AppleWebKit/537.36 (KHTML, like Gecko) Chrome/146.0.0.0 Safari/537.36 Edg/146.0.0.0",info,production,,MISS,function,/api/upload,www.mycvbuddy.com,www.mycvbuddy.com,dpl_GSGY22E135xhSiZq8coThvLGC9Ph,,,,,File size: 47813,prj_lr2ySRMOQgVMZr3YstoloHjpUofO,,,,,
2026-04-09 13:27:38,1775741258941,www.mycvbuddy.com/api/upload,POST,,500,7n2m6-1775741256951-df3c4605cd4a,"Mozilla/5.0 (Windows NT 10.0; Win64; x64) AppleWebKit/537.36 (KHTML, like Gecko) Chrome/146.0.0.0 Safari/537.36 Edg/146.0.0.0",info,production,,MISS,function,/api/upload,www.mycvbuddy.com,www.mycvbuddy.com,dpl_GSGY22E135xhSiZq8coThvLGC9Ph,,,,,File type: application/pdf,prj_lr2ySRMOQgVMZr3YstoloHjpUofO,,,,,
2026-04-09 13:27:38,1775741258941,www.mycvbuddy.com/api/upload,POST,,500,7n2m6-1775741256951-df3c4605cd4a,"Mozilla/5.0 (Windows NT 10.0; Win64; x64) AppleWebKit/537.36 (KHTML, like Gecko) Chrome/146.0.0.0 Safari/537.36 Edg/146.0.0.0",info,production,,MISS,function,/api/upload,www.mycvbuddy.com,www.mycvbuddy.com,dpl_GSGY22E135xhSiZq8coThvLGC9Ph,,,,,Downloading file from storage...,prj_lr2ySRMOQgVMZr3YstoloHjpUofO,,,,,
2026-04-09 13:27:39,1775741259561,www.mycvbuddy.com/api/upload,POST,,500,7n2m6-1775741256951-df3c4605cd4a,"Mozilla/5.0 (Windows NT 10.0; Win64; x64) AppleWebKit/537.36 (KHTML, like Gecko) Chrome/146.0.0.0 Safari/537.36 Edg/146.0.0.0",info,production,,MISS,function,/api/upload,www.mycvbuddy.com,www.mycvbuddy.com,dpl_GSGY22E135xhSiZq8coThvLGC9Ph,,,,,"Starting file parsing, type: application/pdf",prj_lr2ySRMOQgVMZr3YstoloHjpUofO,,,,,
2026-04-09 13:27:39,1775741259562,www.mycvbuddy.com/api/upload,POST,,500,7n2m6-1775741256951-df3c4605cd4a,"Mozilla/5.0 (Windows NT 10.0; Win64; x64) AppleWebKit/537.36 (KHTML, like Gecko) Chrome/146.0.0.0 Safari/537.36 Edg/146.0.0.0",info,production,,MISS,function,/api/upload,www.mycvbuddy.com,www.mycvbuddy.com,dpl_GSGY22E135xhSiZq8coThvLGC9Ph,,,,,Parsing PDF file,prj_lr2ySRMOQgVMZr3YstoloHjpUofO,,,,,
2026-04-09 13:27:39,1775741259749,www.mycvbuddy.com/api/upload,POST,,500,7n2m6-1775741256951-df3c4605cd4a,"Mozilla/5.0 (Windows NT 10.0; Win64; x64) AppleWebKit/537.36 (KHTML, like Gecko) Chrome/146.0.0.0 Safari/537.36 Edg/146.0.0.0",info,production,,MISS,function,/api/upload,www.mycvbuddy.com,www.mycvbuddy.com,dpl_GSGY22E135xhSiZq8coThvLGC9Ph,,,,,"PDF metadata: {
  pages: 2,
  info: {
    PDFFormatVersion: '1.7',
    IsAcroFormPresent: false,
    IsXFAPresent: false,
    Creator: 'pdf-lib (https://github.com/Hopding/pdf-lib)',
    Producer: 'pdf-merger-js',
    CreationDate: 'D:20250921143839Z',
    ModDate: 'D:20250921143839Z'
  },
  textLength: 3753
}",prj_lr2ySRMOQgVMZr3YstoloHjpUofO,,,,,
2026-04-09 13:27:39,1775741259749,www.mycvbuddy.com/api/upload,POST,,500,7n2m6-1775741256951-df3c4605cd4a,"Mozilla/5.0 (Windows NT 10.0; Win64; x64) AppleWebKit/537.36 (KHTML, like Gecko) Chrome/146.0.0.0 Safari/537.36 Edg/146.0.0.0",info,production,,MISS,function,/api/upload,www.mycvbuddy.com,www.mycvbuddy.com,dpl_GSGY22E135xhSiZq8coThvLGC9Ph,,,,,Extracted text length: 3753,prj_lr2ySRMOQgVMZr3YstoloHjpUofO,,,,,
2026-04-09 13:27:39,1775741259749,www.mycvbuddy.com/api/upload,POST,,500,7n2m6-1775741256951-df3c4605cd4a,"Mozilla/5.0 (Windows NT 10.0; Win64; x64) AppleWebKit/537.36 (KHTML, like Gecko) Chrome/146.0.0.0 Safari/537.36 Edg/146.0.0.0",info,production,,MISS,function,/api/upload,www.mycvbuddy.com,www.mycvbuddy.com,dpl_GSGY22E135xhSiZq8coThvLGC9Ph,,,,,Detecting language...,prj_lr2ySRMOQgVMZr3YstoloHjpUofO,,,,,
2026-04-09 13:27:39,1775741259762,www.mycvbuddy.com/api/upload,POST,,500,7n2m6-1775741256951-df3c4605cd4a,"Mozilla/5.0 (Windows NT 10.0; Win64; x64) AppleWebKit/537.36 (KHTML, like Gecko) Chrome/146.0.0.0 Safari/537.36 Edg/146.0.0.0",info,production,,MISS,function,/api/upload,www.mycvbuddy.com,www.mycvbuddy.com,dpl_GSGY22E135xhSiZq8coThvLGC9Ph,,,,,✅ Detected English with high confidence (3751 chars),prj_lr2ySRMOQgVMZr3YstoloHjpUofO,,,,,
2026-04-09 13:27:39,1775741259762,www.mycvbuddy.com/api/upload,POST,,500,7n2m6-1775741256951-df3c4605cd4a,"Mozilla/5.0 (Windows NT 10.0; Win64; x64) AppleWebKit/537.36 (KHTML, like Gecko) Chrome/146.0.0.0 Safari/537.36 Edg/146.0.0.0",info,production,,MISS,function,/api/upload,www.mycvbuddy.com,www.mycvbuddy.com,dpl_GSGY22E135xhSiZq8coThvLGC9Ph,,,,,Language detected: en (English) confidence: high,prj_lr2ySRMOQgVMZr3YstoloHjpUofO,,,,,
2026-04-09 13:27:39,1775741259762,www.mycvbuddy.com/api/upload,POST,,500,7n2m6-1775741256951-df3c4605cd4a,"Mozilla/5.0 (Windows NT 10.0; Win64; x64) AppleWebKit/537.36 (KHTML, like Gecko) Chrome/146.0.0.0 Safari/537.36 Edg/146.0.0.0",info,production,,MISS,function,/api/upload,www.mycvbuddy.com,www.mycvbuddy.com,dpl_GSGY22E135xhSiZq8coThvLGC9Ph,,,,,Parsing CV sections with AI...,prj_lr2ySRMOQgVMZr3YstoloHjpUofO,,,,,
2026-04-09 13:28:00,1775741280871,www.mycvbuddy.com/api/upload,POST,,500,7n2m6-1775741256951-df3c4605cd4a,"Mozilla/5.0 (Windows NT 10.0; Win64; x64) AppleWebKit/537.36 (KHTML, like Gecko) Chrome/146.0.0.0 Safari/537.36 Edg/146.0.0.0",info,production,,MISS,function,/api/upload,www.mycvbuddy.com,www.mycvbuddy.com,dpl_GSGY22E135xhSiZq8coThvLGC9Ph,,,,,Parsed sections: 11,prj_lr2ySRMOQgVMZr3YstoloHjpUofO,,,,,
2026-04-09 13:28:00,1775741280871,www.mycvbuddy.com/api/upload,POST,,500,7n2m6-1775741256951-df3c4605cd4a,"Mozilla/5.0 (Windows NT 10.0; Win64; x64) AppleWebKit/537.36 (KHTML, like Gecko) Chrome/146.0.0.0 Safari/537.36 Edg/146.0.0.0",info,production,,MISS,function,/api/upload,www.mycvbuddy.com,www.mycvbuddy.com,dpl_GSGY22E135xhSiZq8coThvLGC9Ph,,,,,Saving to database...,prj_lr2ySRMOQgVMZr3YstoloHjpUofO,,,,,
2026-04-09 13:28:01,1775741281318,www.mycvbuddy.com/api/upload,POST,,500,7n2m6-1775741256951-df3c4605cd4a,"Mozilla/5.0 (Windows NT 10.0; Win64; x64) AppleWebKit/537.36 (KHTML, like Gecko) Chrome/146.0.0.0 Safari/537.36 Edg/146.0.0.0",error,production,,MISS,function,/api/upload,www.mycvbuddy.com,www.mycvbuddy.com,dpl_GSGY22E135xhSiZq8coThvLGC9Ph,,,,,"Database error: {
  code: '22P05',
  details: '\\u0000 cannot be converted to text.',
  hint: null,
  message: 'unsupported Unicode escape sequence'
}",prj_lr2ySRMOQgVMZr3YstoloHjpUofO,,,,,
2026-04-09 13:27:36,1775741256951,www.mycvbuddy.com/api/upload,POST,,500,7n2m6-1775741256951-df3c4605cd4a,"Mozilla/5.0 (Windows NT 10.0; Win64; x64) AppleWebKit/537.36 (KHTML, like Gecko) Chrome/146.0.0.0 Safari/537.36 Edg/146.0.0.0",,production,,MISS,function,/api/upload,www.mycvbuddy.com,www.mycvbuddy.com,dpl_GSGY22E135xhSiZq8coThvLGC9Ph,24303,iad1,373,2048,,prj_lr2ySRMOQgVMZr3YstoloHjpUofO,,,01KNS6TH9A3F2FKHDKVH7MWCPZ,Wlqtzl4DtaX7,1
2026-04-09 13:27:13,1775741233711,www.mycvbuddy.com/dashboard,GET,,200,4bc28-1775741233711-91a91496d67f,"Mozilla/5.0 (iPhone; CPU iPhone OS 18_1_1 like Mac OS X) AppleWebKit/605.1.15 (KHTML, like Gecko) Version/18.1.1 Mobile/15E148 Safari/604.1",,production,,HIT,static,/dashboard,www.mycvbuddy.com,cv-adapter-5yfinkue8-jakedalerourke-gmailcoms-projects.vercel.app,dpl_GSGY22E135xhSiZq8coThvLGC9Ph,505,cdg1,,,,prj_lr2ySRMOQgVMZr3YstoloHjpUofO,,,,,
2026-04-09 13:27:12,1775741232163,www.mycvbuddy.com/api/send-welcome-email,POST,,200,xxkgc-1775741231253-aef3c6ba46fb,"Mozilla/5.0 (Windows NT 10.0; Win64; x64) AppleWebKit/537.36 (KHTML, like Gecko) Chrome/146.0.0.0 Safari/537.36 Edg/146.0.0.0",info,production,,MISS,function,/api/send-welcome-email,www.mycvbuddy.com,www.mycvbuddy.com,dpl_GSGY22E135xhSiZq8coThvLGC9Ph,,,,,"Warning: NODE_ENV was incorrectly set to ""development"", this value is being overridden to ""production""",prj_lr2ySRMOQgVMZr3YstoloHjpUofO,,,,,
2026-04-09 13:27:12,1775741232490,www.mycvbuddy.com/api/send-welcome-email,POST,,200,xxkgc-1775741231253-aef3c6ba46fb,"Mozilla/5.0 (Windows NT 10.0; Win64; x64) AppleWebKit/537.36 (KHTML, like Gecko) Chrome/146.0.0.0 Safari/537.36 Edg/146.0.0.0",info,production,,MISS,function,/api/send-welcome-email,www.mycvbuddy.com,www.mycvbuddy.com,dpl_GSGY22E135xhSiZq8coThvLGC9Ph,,,,,Welcome email sent: { id: '5629a73c-cfb3-43ef-9caa-50a53de84678' },prj_lr2ySRMOQgVMZr3YstoloHjpUofO,,,,,
2026-04-09 13:27:11,1775741231253,www.mycvbuddy.com/api/send-welcome-email,POST,,200,xxkgc-1775741231253-aef3c6ba46fb,"Mozilla/5.0 (Windows NT 10.0; Win64; x64) AppleWebKit/537.36 (KHTML, like Gecko) Chrome/146.0.0.0 Safari/537.36 Edg/146.0.0.0",,production,,MISS,function,/api/send-welcome-email,www.mycvbuddy.com,www.mycvbuddy.com,dpl_GSGY22E135xhSiZq8coThvLGC9Ph,927,iad1,297,2048,,prj_lr2ySRMOQgVMZr3YstoloHjpUofO,,,01KNS6SR685ZTA97TQKFXYFE9A,l20nxBzt8MCl,1
2026-04-09 13:26:56,1775741216085,www.mycvbuddy.com/privacy,GET,_rsc=6iz7d,200,gjhnt-1775741216085-9d1e38d7b3dd,"Mozilla/5.0 (Windows NT 10.0; Win64; x64) AppleWebKit/537.36 (KHTML, like Gecko) Chrome/146.0.0.0 Safari/537.36 Edg/146.0.0.0",,production,,HIT,static,/privacy,www.mycvbuddy.com,cv-adapter-5yfinkue8-jakedalerourke-gmailcoms-projects.vercel.app,dpl_GSGY22E135xhSiZq8coThvLGC9Ph,5,lhr1,,,,prj_lr2ySRMOQgVMZr3YstoloHjpUofO,,,,,
2026-04-09 13:26:56,1775741216065,www.mycvbuddy.com/terms,GET,_rsc=6iz7d,200,6zv7j-1775741216065-82f71fe4c78a,"Mozilla/5.0 (Windows NT 10.0; Win64; x64) AppleWebKit/537.36 (KHTML, like Gecko) Chrome/146.0.0.0 Safari/537.36 Edg/146.0.0.0",,production,,HIT,static,/terms,www.mycvbuddy.com,cv-adapter-5yfinkue8-jakedalerourke-gmailcoms-projects.vercel.app,dpl_GSGY22E135xhSiZq8coThvLGC9Ph,5,lhr1,,,,prj_lr2ySRMOQgVMZr3YstoloHjpUofO,,,,,
2026-04-09 13:26:53,1775741213034,www.mycvbuddy.com/,GET,,200,6cb85-1775741213034-c222f5bcd9f9,SentryUptimeBot/1.0 (+http://docs.sentry.io/product/alerts/uptime-monitoring/),,production,,MISS,function,/,www.mycvbuddy.com,cv-adapter-5yfinkue8-jakedalerourke-gmailcoms-projects.vercel.app,dpl_GSGY22E135xhSiZq8coThvLGC9Ph,61,iad1,315,2048,,prj_lr2ySRMOQgVMZr3YstoloHjpUofO,,,01KNS6S6D7JNAZD4AYKWW8DJPY,VuL4a4kwcbGR,1
2026-04-09 13:26:47,1775741207171,www.mycvbuddy.com/auth/forgot-password,GET,_rsc=1n57a,200,2lsqg-1775741207171-2f7b22224991,"Mozilla/5.0 (Windows NT 10.0; Win64; x64) AppleWebKit/537.36 (KHTML, like Gecko) Chrome/146.0.0.0 Safari/537.36 Edg/146.0.0.0",,production,,HIT,static,/auth/forgot-password,www.mycvbuddy.com,cv-adapter-5yfinkue8-jakedalerourke-gmailcoms-projects.vercel.app,dpl_GSGY22E135xhSiZq8coThvLGC9Ph,335,lhr1,,,,prj_lr2ySRMOQgVMZr3YstoloHjpUofO,,,,,
2026-04-09 13:26:45,1775741205935,www.mycvbuddy.com/auth/signup,GET,_rsc=3lb4g,200,tsfq7-1775741205935-a62223d61e32,"Mozilla/5.0 (Windows NT 10.0; Win64; x64) AppleWebKit/537.36 (KHTML, like Gecko) Chrome/146.0.0.0 Safari/537.36 Edg/146.0.0.0",,production,,HIT,static,/auth/signup,www.mycvbuddy.com,cv-adapter-5yfinkue8-jakedalerourke-gmailcoms-projects.vercel.app,dpl_GSGY22E135xhSiZq8coThvLGC9Ph,6,lhr1,,,,prj_lr2ySRMOQgVMZr3YstoloHjpUofO,,,,,
2026-04-09 13:26:45,1775741205935,www.mycvbuddy.com/auth/login,GET,_rsc=3lb4g,200,r2xv7-1775741205935-5a3fb7c5a609,"Mozilla/5.0 (Windows NT 10.0; Win64; x64) AppleWebKit/537.36 (KHTML, like Gecko) Chrome/146.0.0.0 Safari/537.36 Edg/146.0.0.0",,production,,HIT,static,/auth/login,www.mycvbuddy.com,cv-adapter-5yfinkue8-jakedalerourke-gmailcoms-projects.vercel.app,dpl_GSGY22E135xhSiZq8coThvLGC9Ph,6,lhr1,,,,prj_lr2ySRMOQgVMZr3YstoloHjpUofO,,,,,
2026-04-09 13:26:45,1775741205550,www.mycvbuddy.com/,GET,_rsc=114vl,200,zdqg4-1775741205550-afa7ece0e25f,"Mozilla/5.0 (Windows NT 10.0; Win64; x64) AppleWebKit/537.36 (KHTML, like Gecko) Chrome/146.0.0.0 Safari/537.36 Edg/146.0.0.0",,production,,MISS,function,/index.rsc,www.mycvbuddy.com,cv-adapter-5yfinkue8-jakedalerourke-gmailcoms-projects.vercel.app,dpl_GSGY22E135xhSiZq8coThvLGC9Ph,39,iad1,316,2048,,prj_lr2ySRMOQgVMZr3YstoloHjpUofO,,,01KNS6RZ2TQ3D0BQQ0EH958GEW,VuL4a4kwcbGR,1
2026-04-09 13:26:44,1775741204221,www.mycvbuddy.com/roast-cv,GET,_rsc=skepm,200,6zv7j-1775741204221-d1b07554b2fd,"Mozilla/5.0 (Windows NT 10.0; Win64; x64) AppleWebKit/537.36 (KHTML, like Gecko) Chrome/146.0.0.0 Safari/537.36 Edg/146.0.0.0",,production,,HIT,static,/roast-cv,www.mycvbuddy.com,cv-adapter-5yfinkue8-jakedalerourke-gmailcoms-projects.vercel.app,dpl_GSGY22E135xhSiZq8coThvLGC9Ph,4,lhr1,,,,prj_lr2ySRMOQgVMZr3YstoloHjpUofO,,,,,
2026-04-09 13:26:44,1775741204201,www.mycvbuddy.com/career-coach,GET,_rsc=skepm,200,5xkr7-1775741204201-362707c4804b,"Mozilla/5.0 (Windows NT 10.0; Win64; x64) AppleWebKit/537.36 (KHTML, like Gecko) Chrome/146.0.0.0 Safari/537.36 Edg/146.0.0.0",,production,,PRERENDER,static,/career-coach,www.mycvbuddy.com,cv-adapter-5yfinkue8-jakedalerourke-gmailcoms-projects.vercel.app,dpl_GSGY22E135xhSiZq8coThvLGC9Ph,322,lhr1,,,,prj_lr2ySRMOQgVMZr3YstoloHjpUofO,,,,,
2026-04-09 13:26:44,1775741204197,www.mycvbuddy.com/interview-prep,GET,_rsc=skepm,200,664fd-1775741204197-d9ff3c3977f1,"Mozilla/5.0 (Windows NT 10.0; Win64; x64) AppleWebKit/537.36 (KHTML, like Gecko) Chrome/146.0.0.0 Safari/537.36 Edg/146.0.0.0",,production,,PRERENDER,static,/interview-prep,www.mycvbuddy.com,cv-adapter-5yfinkue8-jakedalerourke-gmailcoms-projects.vercel.app,dpl_GSGY22E135xhSiZq8coThvLGC9Ph,321,lhr1,,,,prj_lr2ySRMOQgVMZr3YstoloHjpUofO,,,,,
2026-04-09 13:26:44,1775741204138,www.mycvbuddy.com/skills-assessment,GET,_rsc=skepm,200,6zv7j-1775741204138-39553431d285,"Mozilla/5.0 (Windows NT 10.0; Win64; x64) AppleWebKit/537.36 (KHTML, like Gecko) Chrome/146.0.0.0 Safari/537.36 Edg/146.0.0.0",,production,,HIT,static,/skills-assessment,www.mycvbuddy.com,cv-adapter-5yfinkue8-jakedalerourke-gmailcoms-projects.vercel.app,dpl_GSGY22E135xhSiZq8coThvLGC9Ph,16,lhr1,,,,prj_lr2ySRMOQgVMZr3YstoloHjpUofO,,,,,
2026-04-09 13:26:44,1775741204123,www.mycvbuddy.com/upload,GET,_rsc=skepm,200,zdqg4-1775741204123-dc8829153088,"Mozilla/5.0 (Windows NT 10.0; Win64; x64) AppleWebKit/537.36 (KHTML, like Gecko) Chrome/146.0.0.0 Safari/537.36 Edg/146.0.0.0",,production,,HIT,static,/upload,www.mycvbuddy.com,cv-adapter-5yfinkue8-jakedalerourke-gmailcoms-projects.vercel.app,dpl_GSGY22E135xhSiZq8coThvLGC9Ph,19,lhr1,,,,prj_lr2ySRMOQgVMZr3YstoloHjpUofO,,,,,
2026-04-09 13:26:44,1775741204088,www.mycvbuddy.com/cover-letter,GET,_rsc=skepm,200,664fd-1775741204088-183cf2347527,"Mozilla/5.0 (Windows NT 10.0; Win64; x64) AppleWebKit/537.36 (KHTML, like Gecko) Chrome/146.0.0.0 Safari/537.36 Edg/146.0.0.0",,production,,HIT,static,/cover-letter,www.mycvbuddy.com,cv-adapter-5yfinkue8-jakedalerourke-gmailcoms-projects.vercel.app,dpl_GSGY22E135xhSiZq8coThvLGC9Ph,7,lhr1,,,,prj_lr2ySRMOQgVMZr3YstoloHjpUofO,,,,,
2026-04-09 13:26:44,1775741204039,www.mycvbuddy.com/subscription,GET,_rsc=skepm,200,664fd-1775741204039-2b1aec50fbe2,"Mozilla/5.0 (Windows NT 10.0; Win64; x64) AppleWebKit/537.36 (KHTML, like Gecko) Chrome/146.0.0.0 Safari/537.36 Edg/146.0.0.0",,production,,HIT,static,/subscription,www.mycvbuddy.com,cv-adapter-5yfinkue8-jakedalerourke-gmailcoms-projects.vercel.app,dpl_GSGY22E135xhSiZq8coThvLGC9Ph,7,lhr1,,,,prj_lr2ySRMOQgVMZr3YstoloHjpUofO,,,,,
2026-04-09 13:26:44,1775741204032,www.mycvbuddy.com/admin/analytics,GET,_rsc=skepm,200,6crt9-1775741204032-67641bed8b0d,"Mozilla/5.0 (Windows NT 10.0; Win64; x64) AppleWebKit/537.36 (KHTML, like Gecko) Chrome/146.0.0.0 Safari/537.36 Edg/146.0.0.0",,production,,PRERENDER,static,/admin/analytics,www.mycvbuddy.com,cv-adapter-5yfinkue8-jakedalerourke-gmailcoms-projects.vercel.app,dpl_GSGY22E135xhSiZq8coThvLGC9Ph,277,lhr1,,,,prj_lr2ySRMOQgVMZr3YstoloHjpUofO,,,,,
2026-04-09 13:26:44,1775741204026,www.mycvbuddy.com/admin,GET,_rsc=skepm,200,gc74h-1775741204026-94b8928714af,"Mozilla/5.0 (Windows NT 10.0; Win64; x64) AppleWebKit/537.36 (KHTML, like Gecko) Chrome/146.0.0.0 Safari/537.36 Edg/146.0.0.0",,production,,PRERENDER,static,/admin,www.mycvbuddy.com,cv-adapter-5yfinkue8-jakedalerourke-gmailcoms-projects.vercel.app,dpl_GSGY22E135xhSiZq8coThvLGC9Ph,305,lhr1,,,,prj_lr2ySRMOQgVMZr3YstoloHjpUofO,,,,,
2026-04-09 13:26:44,1775741204018,www.mycvbuddy.com/,GET,_rsc=skepm,200,gjhnt-1775741204018-a38bde48a530,"Mozilla/5.0 (Windows NT 10.0; Win64; x64) AppleWebKit/537.36 (KHTML, like Gecko) Chrome/146.0.0.0 Safari/537.36 Edg/146.0.0.0",,production,,MISS,function,/index.rsc,www.mycvbuddy.com,cv-adapter-5yfinkue8-jakedalerourke-gmailcoms-projects.vercel.app,dpl_GSGY22E135xhSiZq8coThvLGC9Ph,112,iad1,316,2048,,prj_lr2ySRMOQgVMZr3YstoloHjpUofO,,,01KNS6RXK9D2F9919PGNGK7NK0,VuL4a4kwcbGR,1
2026-04-09 13:25:53,1775741153022,www.mycvbuddy.com/,GET,,200,hsvdf-1775741153022-a1807a7fea6d,SentryUptimeBot/1.0 (+http://docs.sentry.io/product/alerts/uptime-monitoring/),,production,,MISS,function,/,www.mycvbuddy.com,cv-adapter-5yfinkue8-jakedalerourke-gmailcoms-projects.vercel.app,dpl_GSGY22E135xhSiZq8coThvLGC9Ph,45,iad1,333,2048,,prj_lr2ySRMOQgVMZr3YstoloHjpUofO,,,01KNS6QBT1K0HNXTPD0CG48ZGY,VuL4a4kwcbGR,1
2026-04-09 13:25:27,1775741127360,www.mycvbuddy.com/dashboard,GET,,200,k4kdn-1775741127360-f158dd371a26,"Mozilla/5.0 (Windows NT 10.0; Win64; x64) AppleWebKit/537.36 (KHTML, like Gecko) Chrome/146.0.0.0 Safari/537.36 Edg/146.0.0.0",,production,,PRERENDER,static,/dashboard,www.mycvbuddy.com,cv-adapter-5yfinkue8-jakedalerourke-gmailcoms-projects.vercel.app,dpl_GSGY22E135xhSiZq8coThvLGC9Ph,328,lhr1,,,,prj_lr2ySRMOQgVMZr3YstoloHjpUofO,,,,,
2026-04-09 13:24:53,1775741093029,www.mycvbuddy.com/,GET,,200,855f8-1775741093029-2bc7ab65dd02,SentryUptimeBot/1.0 (+http://docs.sentry.io/product/alerts/uptime-monitoring/),,production,,MISS,function,/,www.mycvbuddy.com,cv-adapter-5yfinkue8-jakedalerourke-gmailcoms-projects.vercel.app,dpl_GSGY22E135xhSiZq8coThvLGC9Ph,155,iad1,333,2048,,prj_lr2ySRMOQgVMZr3YstoloHjpUofO,,,01KNS6NH7BNC0SJWB7KKXJJ66Z,VuL4a4kwcbGR,1
2026-04-09 13:23:53,1775741033092,www.mycvbuddy.com/,GET,,200,j82bq-1775741033092-06657fa9c077,SentryUptimeBot/1.0 (+http://docs.sentry.io/product/alerts/uptime-monitoring/),,production,,MISS,function,/,www.mycvbuddy.com,cv-adapter-5yfinkue8-jakedalerourke-gmailcoms-projects.vercel.app,dpl_GSGY22E135xhSiZq8coThvLGC9Ph,52,iad1,327,2048,,prj_lr2ySRMOQgVMZr3YstoloHjpUofO,,,01KNS6KPNYGFDX6MGQ34XJQR26,VuL4a4kwcbGR,1
2026-04-09 13:22:53,1775740973019,www.mycvbuddy.com/,GET,,200,9jmk2-1775740973019-40746dd5ef59,SentryUptimeBot/1.0 (+http://docs.sentry.io/product/alerts/uptime-monitoring/),,production,,MISS,function,/,www.mycvbuddy.com,cv-adapter-5yfinkue8-jakedalerourke-gmailcoms-projects.vercel.app,dpl_GSGY22E135xhSiZq8coThvLGC9Ph,95,iad1,326,2048,,prj_lr2ySRMOQgVMZr3YstoloHjpUofO,,,01KNS6HW0R76ZTBAVAJ08NCWCS,VuL4a4kwcbGR,1
2026-04-09 13:21:53,1775740913035,www.mycvbuddy.com/,GET,,200,mw25c-1775740913035-4adea6d09102,SentryUptimeBot/1.0 (+http://docs.sentry.io/product/alerts/uptime-monitoring/),,production,,MISS,function,/,www.mycvbuddy.com,cv-adapter-5yfinkue8-jakedalerourke-gmailcoms-projects.vercel.app,dpl_GSGY22E135xhSiZq8coThvLGC9Ph,75,iad1,322,2048,,prj_lr2ySRMOQgVMZr3YstoloHjpUofO,,,01KNS6G1E879B5PJ27Z3GP83PK,VuL4a4kwcbGR,1
2026-04-09 13:20:53,1775740853051,www.mycvbuddy.com/,GET,,200,cbr6r-1775740853051-33d4aeaa879d,SentryUptimeBot/1.0 (+http://docs.sentry.io/product/alerts/uptime-monitoring/),,production,,MISS,function,/,www.mycvbuddy.com,cv-adapter-5yfinkue8-jakedalerourke-gmailcoms-projects.vercel.app,dpl_GSGY22E135xhSiZq8coThvLGC9Ph,41,iad1,322,2048,,prj_lr2ySRMOQgVMZr3YstoloHjpUofO,,,01KNS6E6VTKEQY8449X1YFQR4Q,VuL4a4kwcbGR,1
2026-04-09 13:19:53,1775740793027,www.mycvbuddy.com/,GET,,200,jwgxd-1775740793027-dea2a561e089,SentryUptimeBot/1.0 (+http://docs.sentry.io/product/alerts/uptime-monitoring/),,production,,MISS,function,/,www.mycvbuddy.com,cv-adapter-5yfinkue8-jakedalerourke-gmailcoms-projects.vercel.app,dpl_GSGY22E135xhSiZq8coThvLGC9Ph,50,iad1,322,2048,,prj_lr2ySRMOQgVMZr3YstoloHjpUofO,,,01KNS6CC8HC7R2ZXVJ3Q6570V7,VuL4a4kwcbGR,1
2026-04-09 13:19:38,1775740778309,www.mycvbuddy.com/,GET,,200,g895c-1775740778309-b29b4b3d0878,"Mozilla/5.0 AppleWebKit/537.36 (KHTML, like Gecko); compatible; ChatGPT-User/1.0; +https://openai.com/bot",,production,,MISS,function,/,www.mycvbuddy.com,cv-adapter-5yfinkue8-jakedalerourke-gmailcoms-projects.vercel.app,dpl_GSGY22E135xhSiZq8coThvLGC9Ph,40,iad1,322,2048,,prj_lr2ySRMOQgVMZr3YstoloHjpUofO,,,01KNS6BXWJDN8WBBA680E839RB,VuL4a4kwcbGR,1
2026-04-09 13:18:53,1775740733027,www.mycvbuddy.com/,GET,,200,kwgxz-1775740733027-72cc2b3f9942,SentryUptimeBot/1.0 (+http://docs.sentry.io/product/alerts/uptime-monitoring/),,production,,MISS,function,/,www.mycvbuddy.com,cv-adapter-5yfinkue8-jakedalerourke-gmailcoms-projects.vercel.app,dpl_GSGY22E135xhSiZq8coThvLGC9Ph,57,iad1,322,2048,,prj_lr2ySRMOQgVMZr3YstoloHjpUofO,,,01KNS6AHN30CMYHG0Y6ZW5FFE0,VuL4a4kwcbGR,1
2026-04-09 13:17:53,1775740673042,www.mycvbuddy.com/,GET,,200,gfs6l-1775740673042-ef3002f4d1db,SentryUptimeBot/1.0 (+http://docs.sentry.io/product/alerts/uptime-monitoring/),,production,,MISS,function,/,www.mycvbuddy.com,cv-adapter-5yfinkue8-jakedalerourke-gmailcoms-projects.vercel.app,dpl_GSGY22E135xhSiZq8coThvLGC9Ph,43,iad1,322,2048,,prj_lr2ySRMOQgVMZr3YstoloHjpUofO,,,01KNS68Q2GW7H6GA6V4JPSQBX7,VuL4a4kwcbGR,1
2026-04-09 13:17:10,1775740630677,www.mycvbuddy.com/robots.txt,GET,,200,rg6w2-1775740630677-3d841eca3d40,"Mozilla/5.0 (Macintosh; Intel Mac OS X 10_15_7) AppleWebKit/537.36 (KHTML, like Gecko) Chrome/131.0.0.0 Safari/537.36; compatible; OAI-SearchBot/1.3; robots.txt; +https://openai.com/searchbot",,production,,HIT,static,/robots.txt,www.mycvbuddy.com,cv-adapter-5yfinkue8-jakedalerourke-gmailcoms-projects.vercel.app,dpl_GSGY22E135xhSiZq8coThvLGC9Ph,106,iad1,,,,prj_lr2ySRMOQgVMZr3YstoloHjpUofO,,,,,
2026-04-09 13:16:53,1775740613039,www.mycvbuddy.com/,GET,,200,qrkfd-1775740613039-f4bf6254110e,SentryUptimeBot/1.0 (+http://docs.sentry.io/product/alerts/uptime-monitoring/),,production,,MISS,function,/,www.mycvbuddy.com,cv-adapter-5yfinkue8-jakedalerourke-gmailcoms-projects.vercel.app,dpl_GSGY22E135xhSiZq8coThvLGC9Ph,57,iad1,322,2048,,prj_lr2ySRMOQgVMZr3YstoloHjpUofO,,,01KNS66WFFQZAVKBY8T5A9NP7W,VuL4a4kwcbGR,1
2026-04-09 13:15:53,1775740553038,www.mycvbuddy.com/,GET,,200,mbwcf-1775740553038-8774f125efde,SentryUptimeBot/1.0 (+http://docs.sentry.io/product/alerts/uptime-monitoring/),,production,,MISS,function,/,www.mycvbuddy.com,cv-adapter-5yfinkue8-jakedalerourke-gmailcoms-projects.vercel.app,dpl_GSGY22E135xhSiZq8coThvLGC9Ph,47,iad1,322,2048,,prj_lr2ySRMOQgVMZr3YstoloHjpUofO,,,01KNS651W8YHXR3W53H00198S1,VuL4a4kwcbGR,1
2026-04-09 13:15:47,1775740547597,www.mycvbuddy.com/,GET,,200,vjdcl-1775740547597-ab6f533ab03f,"Mozilla/5.0 (Linux; Android 7.0;) AppleWebKit/537.36 (KHTML, like Gecko) Mobile Safari/537.36 (compatible; PetalBot;+https://webmaster.petalsearch.com/site/petalbot)",,production,,MISS,function,/,www.mycvbuddy.com,cv-adapter-5yfinkue8-jakedalerourke-gmailcoms-projects.vercel.app,dpl_GSGY22E135xhSiZq8coThvLGC9Ph,65,iad1,322,2048,,prj_lr2ySRMOQgVMZr3YstoloHjpUofO,,,01KNS64WXE33XK0ET2RTDWK6R6,VuL4a4kwcbGR,1
2026-04-09 13:14:53,1775740493038,www.mycvbuddy.com/,GET,,200,8dnvd-1775740493038-abe47a1cf5d6,SentryUptimeBot/1.0 (+http://docs.sentry.io/product/alerts/uptime-monitoring/),,production,,MISS,function,/,www.mycvbuddy.com,cv-adapter-5yfinkue8-jakedalerourke-gmailcoms-projects.vercel.app,dpl_GSGY22E135xhSiZq8coThvLGC9Ph,64,iad1,322,2048,,prj_lr2ySRMOQgVMZr3YstoloHjpUofO,,,01KNS6379CMFDY4XJP4KAAGQEA,VuL4a4kwcbGR,1
2026-04-09 13:13:53,1775740433019,www.mycvbuddy.com/,GET,,200,784qj-1775740433019-5c304abb24c9,SentryUptimeBot/1.0 (+http://docs.sentry.io/product/alerts/uptime-monitoring/),,production,,MISS,function,/,www.mycvbuddy.com,cv-adapter-5yfinkue8-jakedalerourke-gmailcoms-projects.vercel.app,dpl_GSGY22E135xhSiZq8coThvLGC9Ph,64,iad1,322,2048,,prj_lr2ySRMOQgVMZr3YstoloHjpUofO,,,01KNS61CNSWTGFAH214CADM1EW,VuL4a4kwcbGR,1
2026-04-09 13:12:53,1775740373037,www.mycvbuddy.com/,GET,,200,9tk4z-1775740373037-25fa653abe7d,SentryUptimeBot/1.0 (+http://docs.sentry.io/product/alerts/uptime-monitoring/),,production,,MISS,function,/,www.mycvbuddy.com,cv-adapter-5yfinkue8-jakedalerourke-gmailcoms-projects.vercel.app,dpl_GSGY22E135xhSiZq8coThvLGC9Ph,90,iad1,322,2048,,prj_lr2ySRMOQgVMZr3YstoloHjpUofO,,,01KNS5ZJ3CGD1DFF3R5CPVN3NF,VuL4a4kwcbGR,1
2026-04-09 13:11:53,1775740313046,www.mycvbuddy.com/,GET,,200,js468-1775740313046-acd6f8bbef35,SentryUptimeBot/1.0 (+http://docs.sentry.io/product/alerts/uptime-monitoring/),,production,,MISS,function,/,www.mycvbuddy.com,cv-adapter-5yfinkue8-jakedalerourke-gmailcoms-projects.vercel.app,dpl_GSGY22E135xhSiZq8coThvLGC9Ph,42,iad1,321,2048,,prj_lr2ySRMOQgVMZr3YstoloHjpUofO,,,01KNS5XQGYT03YPWCQMKXDM5B0,VuL4a4kwcbGR,1
2026-04-09 13:11:37,1775740297508,www.mycvbuddy.com/auth/forgot-password,GET,_rsc=1n57a,200,gqqpd-1775740297508-9ef3a50a7be3,"Mozilla/5.0 (Windows NT 10.0; Win64; x64) AppleWebKit/537.36 (KHTML, like Gecko) Chrome/145.0.0.0 Safari/537.36",,production,,PRERENDER,static,/auth/forgot-password,www.mycvbuddy.com,cv-adapter-5yfinkue8-jakedalerourke-gmailcoms-projects.vercel.app,dpl_GSGY22E135xhSiZq8coThvLGC9Ph,584,sin1,,,,prj_lr2ySRMOQgVMZr3YstoloHjpUofO,,,,,
2026-04-09 13:11:37,1775740297508,www.mycvbuddy.com/auth/signup,GET,_rsc=1n57a,200,cqp8n-1775740297508-7eb33d6cc21b,"Mozilla/5.0 (Windows NT 10.0; Win64; x64) AppleWebKit/537.36 (KHTML, like Gecko) Chrome/145.0.0.0 Safari/537.36",,production,,HIT,static,/auth/signup,www.mycvbuddy.com,cv-adapter-5yfinkue8-jakedalerourke-gmailcoms-projects.vercel.app,dpl_GSGY22E135xhSiZq8coThvLGC9Ph,626,sin1,,,,prj_lr2ySRMOQgVMZr3YstoloHjpUofO,,,,,
2026-04-09 13:11:37,1775740297262,www.mycvbuddy.com/,GET,_rsc=1n57a,200,w47vq-1775740297262-52557dbaecdd,"Mozilla/5.0 (Windows NT 10.0; Win64; x64) AppleWebKit/537.36 (KHTML, like Gecko) Chrome/145.0.0.0 Safari/537.36",,production,,MISS,function,/index.rsc,www.mycvbuddy.com,cv-adapter-5yfinkue8-jakedalerourke-gmailcoms-projects.vercel.app,dpl_GSGY22E135xhSiZq8coThvLGC9Ph,10,iad1,321,2048,,prj_lr2ySRMOQgVMZr3YstoloHjpUofO,,,01KNS5X8GYZR2SWSG74DEXB3B3,VuL4a4kwcbGR,1
2026-04-09 13:11:35,1775740295729,www.mycvbuddy.com/dashboard,GET,_rsc=1fv71,200,cqp8n-1775740295729-db7061a450fe,"Mozilla/5.0 (Windows NT 10.0; Win64; x64) AppleWebKit/537.36 (KHTML, like Gecko) Chrome/145.0.0.0 Safari/537.36",,production,,HIT,static,/dashboard,www.mycvbuddy.com,cv-adapter-5yfinkue8-jakedalerourke-gmailcoms-projects.vercel.app,dpl_GSGY22E135xhSiZq8coThvLGC9Ph,594,sin1,,,,prj_lr2ySRMOQgVMZr3YstoloHjpUofO,,,,,
2026-04-09 13:11:35,1775740295692,www.mycvbuddy.com/auth/login,GET,_rsc=uyum1,200,6g684-1775740295692-8e5732e8af5b,"Mozilla/5.0 (Windows NT 10.0; Win64; x64) AppleWebKit/537.36 (KHTML, like Gecko) Chrome/145.0.0.0 Safari/537.36",,production,,HIT,static,/auth/login,www.mycvbuddy.com,cv-adapter-5yfinkue8-jakedalerourke-gmailcoms-projects.vercel.app,dpl_GSGY22E135xhSiZq8coThvLGC9Ph,542,sin1,,,,prj_lr2ySRMOQgVMZr3YstoloHjpUofO,,,,,
2026-04-09 13:11:30,1775740290508,www.mycvbuddy.com/subscription,GET,,200,d6whl-1775740290508-beac54b8a907,"Mozilla/5.0 (Windows NT 10.0; Win64; x64) AppleWebKit/537.36 (KHTML, like Gecko) Chrome/145.0.0.0 Safari/537.36",,production,,PRERENDER,static,/subscription,www.mycvbuddy.com,cv-adapter-5yfinkue8-jakedalerourke-gmailcoms-projects.vercel.app,dpl_GSGY22E135xhSiZq8coThvLGC9Ph,625,sin1,,,,prj_lr2ySRMOQgVMZr3YstoloHjpUofO,,,,,
2026-04-09 13:11:03,1775740263109,www.mycvbuddy.com/ats-friendly-cv-checklist,GET,,200,mw6ns-1775740263109-04dfb30a7353,"Mozilla/5.0 (Linux; Android 7.0;) AppleWebKit/537.36 (KHTML, like Gecko) Mobile Safari/537.36 (compatible; PetalBot;+https://webmaster.petalsearch.com/site/petalbot)",,production,,PRERENDER,static,/ats-friendly-cv-checklist,www.mycvbuddy.com,cv-adapter-5yfinkue8-jakedalerourke-gmailcoms-projects.vercel.app,dpl_GSGY22E135xhSiZq8coThvLGC9Ph,679,sin1,,,,prj_lr2ySRMOQgVMZr3YstoloHjpUofO,,,,,
2026-04-09 13:10:53,1775740253019,www.mycvbuddy.com/,GET,,200,98g4p-1775740253019-def4e5ebf4c8,SentryUptimeBot/1.0 (+http://docs.sentry.io/product/alerts/uptime-monitoring/),,production,,MISS,function,/,www.mycvbuddy.com,cv-adapter-5yfinkue8-jakedalerourke-gmailcoms-projects.vercel.app,dpl_GSGY22E135xhSiZq8coThvLGC9Ph,58,iad1,321,2048,,prj_lr2ySRMOQgVMZr3YstoloHjpUofO,,,01KNS5VWWSQV72PR7VYGKPKT9R,VuL4a4kwcbGR,1
2026-04-09 13:09:54,1775740194772,www.mycvbuddy.com/ats-optimization-guide,GET,,200,zvdfl-1775740194772-bae308022d56,"Mozilla/5.0 (Linux; Android 7.0;) AppleWebKit/537.36 (KHTML, like Gecko) Mobile Safari/537.36 (compatible; PetalBot;+https://webmaster.petalsearch.com/site/petalbot)",,production,,HIT,static,/ats-optimization-guide,www.mycvbuddy.com,cv-adapter-5yfinkue8-jakedalerourke-gmailcoms-projects.vercel.app,dpl_GSGY22E135xhSiZq8coThvLGC9Ph,778,sin1,,,,prj_lr2ySRMOQgVMZr3YstoloHjpUofO,,,,,
2026-04-09 13:09:53,1775740193036,www.mycvbuddy.com/,GET,,200,4nmdf-1775740193036-cf619050056e,SentryUptimeBot/1.0 (+http://docs.sentry.io/product/alerts/uptime-monitoring/),,production,,MISS,function,/,www.mycvbuddy.com,cv-adapter-5yfinkue8-jakedalerourke-gmailcoms-projects.vercel.app,dpl_GSGY22E135xhSiZq8coThvLGC9Ph,41,iad1,321,2048,,prj_lr2ySRMOQgVMZr3YstoloHjpUofO,,,01KNS5T2AD7573Q1NJQ836EJKK,VuL4a4kwcbGR,1
2026-04-09 13:08:53,1775740133042,www.mycvbuddy.com/,GET,,200,95vs7-1775740133042-8c3669b42899,SentryUptimeBot/1.0 (+http://docs.sentry.io/product/alerts/uptime-monitoring/),,production,,MISS,function,/,www.mycvbuddy.com,cv-adapter-5yfinkue8-jakedalerourke-gmailcoms-projects.vercel.app,dpl_GSGY22E135xhSiZq8coThvLGC9Ph,115,iad1,321,2048,,prj_lr2ySRMOQgVMZr3YstoloHjpUofO,,,01KNS5R7QDZ6VKT1TD5WEN1E49,VuL4a4kwcbGR,1
2026-04-09 13:08:01,1775740081912,www.mycvbuddy.com/ats-resume-rewrite,GET,,200,fbwqv-1775740081912-45802eacf6b5,"Mozilla/5.0 (Linux; Android 7.0;) AppleWebKit/537.36 (KHTML, like Gecko) Mobile Safari/537.36 (compatible; PetalBot;+https://webmaster.petalsearch.com/site/petalbot)",,production,,PRERENDER,static,/ats-resume-rewrite,www.mycvbuddy.com,cv-adapter-5yfinkue8-jakedalerourke-gmailcoms-projects.vercel.app,dpl_GSGY22E135xhSiZq8coThvLGC9Ph,723,sin1,,,,prj_lr2ySRMOQgVMZr3YstoloHjpUofO,,,,,
2026-04-09 13:07:53,1775740073021,www.mycvbuddy.com/,GET,,200,bz4fk-1775740073021-6a57fe4136e7,SentryUptimeBot/1.0 (+http://docs.sentry.io/product/alerts/uptime-monitoring/),,production,,MISS,function,/,www.mycvbuddy.com,cv-adapter-5yfinkue8-jakedalerourke-gmailcoms-projects.vercel.app,dpl_GSGY22E135xhSiZq8coThvLGC9Ph,64,iad1,321,2048,,prj_lr2ySRMOQgVMZr3YstoloHjpUofO,,,01KNS5PD4DDVK9VCJHV49AQK1V,VuL4a4kwcbGR,1
